,full_text,tweet_english,klasifikasi,Klasifikasi Bayes
0,pasti anies punya prestasi,anies must have achievements,Netral,Netral
1,suasana desa memang selalu menyenantidakan udara segar rimbun tumbuh hijau sungai jin penuh ikanikan kecil besar tarik angin dieng gaco adidas semalem bukan ordal anies,village atmosphere is always fun lush fresh air growing green jin river full of small fish big wind pull dieng gaco adidas semalem not ordal anies,Positif,Positif
2,program anies hanya ubah nama rumah sakit se indonesia wkwk juntidakook is coming olivia gaco daesang bangtan debut karina wonbin batter up 100m views,anies program only change the name of the hospital in Indonesia wkwk juntidakook is coming olivia gaco daesang bangtan debut karina wonbin batter up 100m views,Netral,Netral
3,anies bohong nipu rasa salah,anies lie nipu rasa salah,Netral,Netral
4,bicara sesuai fakta anies lantang sebut lampung punya alat pantau polusi udara gaco anies gempa daesang selamat pagi batter up 100m views pilih baik,speak according to the facts anies loudly say Lampung has a monitoring tool for air pollution gaco anies earthquake daesang good morning batter up 100m views choose well,Positif,Positif
5,sindir anies baswedan apbd paling besar kok mas anies gagal pimpin jakarta gaco anies gempa daesang selamat pagi batter up 100m views pilih baik,sarcasm anies baswedan apbd biggest kok mas anies fail pimpin jakarta gaco anies earthquake daesang good morning batter up 100m views choose well,Positif,Positif
6,alesan jelas pak anies jelas jelas jelas nyamasih engga pahamdungu arti,alesan clear sir anies clear clear clear nyamasih don't understand dungu meaning,Positif,Positif
7,wow mantap sekali ini arti saudara anies jadi presiden ri,wow great this is the meaning of brother anies so president ri,Positif,Positif
8,dulu belsajar msajas kelas 8 samapsaya paham apa bilang pak anies kalau ga paham muntidakin kenyam kelas 8,first time belsajar msajas 8th grade samapsaya understand what to say sir anies if you don't understand muntidakin kenyam 8th grade,Positif,Positif
9,kasi kiki padahal fakta memang si anies jago kata kata ssaja tarik simpati padahal implementasi jamin nol cth waktu jd tri gubernur kerja nya standar banget,kasi kiki even though the fact is that si anies jago kata ssaja pulls sympathy even though the implementation of guarantee is zero eg jd tri time the governor's work is very standard,Netral,Netral
10,anak anies cakep bener anak capres muka ga tengil,anak anies cakep bener anak capres muka ga tengil,Netral,Netral
11,partai dukung pak anies tidak tahan jadi oposaudariinasdem pkb tuh msh yang jabat tri imin msh jabat wakil ketua dprri nampaknya betah banget kekuasaanmundur dong,the party supporting Pak Anies can't stand being oposaudariinasdem pkb tuh msh yang dabat tri imin msh dabat vice-chairman of DPRRI seems to be at home with the power to retreat dong,Positif,Positif
12,lah juga dulu dukung lebih liberal anies itu lebih anti jokowipdip sejak kasus ahok,well also used to support more liberal anies it's more anti jokowipdip since ahok case,Positif,Positif
13,asli rada hoream euy ceunah bebas dapat sugan teh geus balik deui jadi anies era nurcholis madjid memorial lecture,original rada hoream euy ceunah free can sugan teh geus balik deui so anies era nurcholis madjid memorial lecture,Positif,Positif
14,bicara sesuai fakta anies lantang sebut lampung punya alat pantau polusi udara gaco anies gempa daesang selamat pagi batter up 100m views pilih baik,speak according to the facts anies loudly say Lampung has a monitoring tool for air pollution gaco anies earthquake daesang good morning batter up 100m views choose well,Positif,Positif
15,sindir anies baswedan apbd paling besar kok mas anies gagal pimpin jakarta gaco anies gempa daesang selamat pagi batter up 100m views pilih baik,sarcasm anies baswedan apbd biggest kok mas anies fail pimpin jakarta gaco anies earthquake daesang good morning batter up 100m views choose well,Positif,Positif
16,yang bilang anies modal kata doang pacar eco park tebet musuhin,who said anies modal kata doang boyfriend eco park tebet musuhin,Netral,Netral
17,sayang banyak msh dukung anies dateng mas baru di lampung kemaren berani banget ya juga kayak bilang takut sih kalau hadepan lagisg buat desak anies wkwk,dear many MSH support anies dateng mas baru di lampung kemaren bravely ya also like to say scared if hadepan lagisg to urge anies wkwk,Positif,Positif
18,anies pks,anies pks,Netral,Netral
19,gerindaria bantah soal anies bilang bisnis macet gegara jadi oposaudarii,gerindaria argues about anies saying that the business is stuck in the country so oposaudarii,Netral,Netral
20,anies ikut kubur harun tahun 2019 berita apakah kata hoax padahal beliau ikut kubur,anies participates in harun's grave in 2019 what news is the word hoax even though he participates in the grave,Netral,Netral
21,anies baswedan jawab tanya debat bukti nyata kerja sangat muas,anies baswedan answered the debate the real proof of work is very sick,Negatif,Positif
22,anies tuh cerdas utama soal janji transportasi jaklintidako mau rekrut pak iganisus pilih sudah banyak tadi nya kurang bijak bawa ulama gimana kalau pendetapastorpemimpin agama juga pertimbantidakan opini nya kenapa hanya cuman ulama,anies is the main intelligent about the promise of transportation jaklintidako want to recruit Mr. iganisus choose already a lot earlier it is not wise to bring scholars what if the detachment of religious leaders also consider their opinions why only scholars,Positif,Positif
23,karakter wowo vs anies jauh lah bangmbok legowo sajaanies simpati publik luas sedang wowo sebaliknyasesederhana dipahaminyajugan kita jd parasocial relationship disorder,character wowo vs anies away is bangmbok legowo sajaanies the sympathy of the wider public is wowo behind itsimply understoodjugan we also parasocial relationship disorder,Negatif,Negatif
24,kalau ga kerja bidang nya jago nyindir orang anies,if you don't work in the field you are good at insinuating people anies,Positif,Positif
25,paragraf satu udah dijelasin sama pa anies sendiri tonton geh video biar paham konteks ape2 ditelen mentah2 paragraf dua nama pamrih kata paling ikhlas ko diuntidakit ko nyapres paragraf tiga etika kata saudara awokwokwok mending ngaca dulu dah,paragraph one has been explained the same pa anies himself watch geh video so that he understands the context of ape2 telen raw2 paragraph two names of the most sincere words ko stalked ko nyapres paragraph three ethics word brother awokwokwok mending ngaca first,Positif,Positif
26,bicara sesuai fakta anies lantang sebut lampung punya alat pantau polusi udara gaco anies gempa daesang selamat pagi batter up 100m views pilih baik,speak according to the facts anies loudly say Lampung has a monitoring tool for air pollution gaco anies earthquake daesang good morning batter up 100m views choose well,Positif,Positif
27,sindir anies baswedan apbd paling besar kok mas anies gagal pimpin jakarta gaco anies gempa daesang selamat pagi batter up 100m views pilih baik,sarcasm anies baswedan apbd biggest kok mas anies fail pimpin jakarta gaco anies earthquake daesang good morning batter up 100m views choose well,Positif,Positif
28,itu anak anies emang cantik banget senyum,that's really pretty anies kid smiling,Positif,Netral
29,anies selalu komitmen wujud ubah positif baik masayaarakatnya negara,anies is always committed to changing the positive form of both the people of the country,Positif,Positif
30,menang anies gub dki klaim penuh gerindaria baik dukung modal logistik sungguh sombong menghilantidakan jasa2 partai2 relawan2 rakyat dki pilagiub dki lebih jasa,win anies gub dki claim full of good gerindaria support capital logistics really arrogant demolish the services of the people's volunteer parties dki pilagiub dki more services,Positif,Positif
31,lama masa jabat gubernur anies pimpin bagai proyek bangun sejahtera rakyat,the long term of the governor anies lead like a project to build prosperous people,Negatif,Positif
32,anies baswedan mengsajak warga tunjuk kuat bangsa semangat juang,anies baswedan invites residents to show strong national fighting spirit,Positif,Positif
33,pikir anies debat perdana sedikit mampu cipta ubah positif masayaarakat,thought anies the first debate was a little able to create positive changes in the community,Positif,Positif
34,anies antidakat alis adad pernah ada guna fakedeep aidasar buzzer polri suka buat fitnah,anies antidakat alis adad never existed for fakedeep aidasar buzzer polri likes to make slander,Netral,Netral
35,2019 anies jd gubernur ikut pilpres ada 2024 anies calon nasdem apa salah nasdem jeli negara butuh sosok anies rakyat ubah adil sosial seluruh rakyat indonesia,2019 anies jd governor took part in the presidential election there is 2024 anies nasdem candidate what is wrong nasdem jelly the state needs the figure of anies people change the social justice of all Indonesian people,Negatif,Positif
36,bagai inisiatif mengembantidakan jakarta anies jadi contoh nyata banyak orang,like an initiative to implant Jakarta anies so a real example of many people,Positif,Positif
37,ordal anies profesional integritas,ordal anies professional integrity,Positif,Netral
38,anies baswedan muhaimin iskandar dong indonesia lebih baik,anies baswedan muhaimin iskandar dong indonesia better,Positif,Netral
39,debat banyak buah pikir anies pada akhir memang benarbenar manfaat cerdas warga negara,debate many pieces of thinking anies at the end is really the benefits of smart citizens,Positif,Positif
40,udah rahasia umum lah ga usah tutup bagaimana anies menikamuati politik identitas dia betulbetul ambil untung,"already an open secret, don't you need to close how anies marries his identity politics is really taking advantage",Negatif,Netral
41,anies baswedan tuding capres banyak janji timnas amin janji ukur,"anies baswedan pointed the finger at the presidential candidate, many promises from the national team, amen promise to measure",Positif,Positif
42,org cerdas paham apa sampai pak anies klo otak cetek males mikir nilai njelimet,smart people understand what to pack anies clo shallow brain males think the value of njelimet,Negatif,Positif
43,bicara sesuai fakta anies lantang sebut lampung punya alat pantau polusi udara gaco anies gempa daesang selamat pagi batter up 100m views pilih baik,speak according to the facts anies loudly say Lampung has a monitoring tool for air pollution gaco anies earthquake daesang good morning batter up 100m views choose well,Positif,Positif
44,sindir anies baswedan apbd paling besar kok mas anies gagal pimpin jakarta gaco anies gempa daesang selamat pagi batter up 100m views pilih baik,sarcasm anies baswedan apbd biggest kok mas anies fail pimpin jakarta gaco anies earthquake daesang good morning batter up 100m views choose well,Positif,Positif
45,buzzerrp paslon no 2 habis akal amp narasi serang anies makanya pakai methode fitnah receh,buzzerrp paslon no. 2 is out of sense & narrative attack anies so use the method of slander for change,Netral,Netral
46,anies bangun jakarta lebih lanjut ramah lintidakungan pasti tumbuh kota beri manfaat seluruh warga,anies wake up jakarta further friendly lintidakungan sure to grow the city benefits all residents,Positif,Positif
47,janji tunai tidak nyapres lama masa jabat gub dki kalau selesai selesai janji mission accomplished samap kpn pak anies nyapres kl tiap priode kalah terus amp nyapres terus etika koyol tau,"the promise of cash is not the long term of office of the dki gub when it is finished the promise of mission accomplished even though kpn pak anies nyapres kl every priode loses, then amp nyapres continues to be ethical koyol tau",Positif,Negatif
48,foodeatate gagal pesawat tempur rongsokanhutang kemenhan trilyunan bentuk bengis 270 juta lebih rakyat indonesia saran tim tkn banyak cermin serang pak anies akhlak kalian pada benar,foodeatate failed wreckage fighter aircraft debts trillions of forms of cruelty 270 million more Indonesians team advice tkn many mirrors attack pak anies your morals on the right,Positif,Positif
49,ga bang aman anies pernah tegor rijik suruh bayar denda kok waktu buat kerumun pas covid bukti,ga bang aman anies once told Rijik to pay a fine for the complexity of the covid proof pass,Positif,Positif
50,lagi gak bahas dki debat jujur udah lunak sama anies siap terima kemuntidakinan jadi presiden ngomong gitu baca ttg berita kontrak politik anyway di twit awal dki negara,again not discussing dki honest debate is already soft with anies ready to accept luck so the president said that read about political contract news anyway in the initial tweet from the state,Positif,Netral
51,iya kok disurvey kok unggul,yes how come it's surveyed how come it's superior,Positif,Positif
52,buni yani kata potong video pidato ahok tim cybernya jadi ketimbang anies tak punya masa lebih bertanggungjawab yang gera kelompok brutal 212,buni yani said cut the video of the speech of ahok the cyber team so that instead of anies did not have more responsible time that the brutal group 212,Negatif,Netral
53,la emang usung anies pkb nasdem oposaudarii,la emang usung anies pkb nasdem oposaudarii,Netral,Positif
54,buzzer anies follower ribu klo tweet bayar,buzzer anies follower thousand klo tweet pay,Netral,Netral
55,bicara sesuai fakta anies lantang sebut lampung punya alat pantau polusi udara gaco anies gempa daesang selamat pagi batter up 100m views pilih baik,speak according to the facts anies loudly say Lampung has a monitoring tool for air pollution gaco anies earthquake daesang good morning batter up 100m views choose well,Positif,Positif
56,sindir anies baswedan apbd paling besar kok mas anies gagal pimpin jakarta gaco anies gempa daesang selamat pagi batter up 100m views pilih baik,sarcasm anies baswedan apbd biggest kok mas anies fail pimpin jakarta gaco anies earthquake daesang good morning batter up 100m views choose well,Positif,Positif
57,anies bagus sebenernya kunci sih ka belakang ga ngapa2in kalau aniesnya busuk baru bahaya kalau presiden skrg ga berani komen kasar khawatir kenapa2,"anies is good, actually, the key is that the back is not doing anything if the anies is rotten, then it's dangerous if the president doesn't dare to make rude comments and worry about why",Negatif,Negatif
58,gak layak jadi presiden pantesan gak pernah menang dulu dukung hanya 2 pilih sekarang anies paling layak semua,unfit to be president of Pantesan never win first support only 2 vote now anies most feasible all,Positif,Positif
59,dulu sih 2 kali milih sekarang sih udah makin yakin pilih anies,i used to choose twice now already more sure to choose anies,Positif,Positif
60,anies baswedan tuding capres banyak janji timnas amin janji ukur,"anies baswedan pointed the finger at the presidential candidate, many promises from the national team, amen promise to measure",Positif,Positif
61,anies baswedan tuding capres banyak janji timnas amin janji ukur,"anies baswedan pointed the finger at the presidential candidate, many promises from the national team, amen promise to measure",Positif,Positif
62,wkwkwk dukung anies kek gin,wkwkwk support gin cake anies,Netral,Netral
63,waktu debat perdana pak anies tunjuk politis intelek setel jas peci,"at the time of the first debate, Mr. Anies pointed out the political intellect set suit capi",Positif,Positif
64,sampai kiky malah bagus kok justru puji anies,until kiky is actually good how to actually praise anies,Positif,Positif
65,lihat debat anies selalu milik mampu rancang terap solusaudariolusi kreatif,see the anies debate always belongs to able to design a creative solution,Positif,Positif
66,lama debat anies milik banyak solusi kena masalah timpang jadi indonesia,long debate anies belong to many solutions hit by lame problems so Indonesia,Negatif,Positif
67,bicara sesuai fakta anies lantang sebut lampung punya alat pantau polusi udara gaco anies gempa daesang selamat pagi batter up 100m views pilih baik,speak according to the facts anies loudly say Lampung has a monitoring tool for air pollution gaco anies earthquake daesang good morning batter up 100m views choose well,Positif,Positif
68,sindir anies baswedan apbd paling besar kok mas anies gagal pimpin jakarta gaco anies gempa daesang selamat pagi batter up 100m views pilih baik,sarcasm anies baswedan apbd biggest kok mas anies fail pimpin jakarta gaco anies earthquake daesang good morning batter up 100m views choose well,Positif,Positif
69,lama debat nya anies kenal programprogram solusi masalah ada dalam penididikan transportasi lintidakungan,for a long time the debate anies know the problem solution program is in lintidakungan transportation education,Negatif,Negatif
70,seinget ku 212 yang datang makruf amin sama jokowi anies ga datang acara 212 monas,seinget ku 212 who came makruf amin sama jokowi anies ga come event 212 monas,Netral,Netral
71,anies dominasi debat pertama retorika baik nilai anies punya leluasa serang gagas kandidat karena usung visi ubah,anies dominance of the first debate good rhetoric the value of anies has the freedom to attack the candidate because the stretching vision changes,Positif,Positif
72,sama sama2 mantan napi korupsi jadi timses resamai nasional anies ga sih,together with ex-corruption inmates so the anies national resamai team,Netral,Positif
73,lama debat langsung anies tunjuk gambar diri orang terpelsajar,long live debate anies show a self-image of an intelligent person,Positif,Positif
74,haiii bestie saat debat perdana caprescawapres kemaren malam sisa momen dariamatis sang pangeran lupa kalau lagi ada area mimbar debat bukan tanding bola sang pangeran ngosngosan awokawokawok gaco anies semalem ordal,haiii bestie during the inaugural debate of the presidential candidate yesterday night the remaining moments of the prince's speech forgot that there was another area of the debate pulpit instead of the ball match of the prince ngosngosan awokawokokok gaco anies semalem ordal,Netral,Netral
75,anies si dablek habis uang negara 80 triliun tak atas polusi juntidakook is coming olivia gaco daesang bangtan debut karina wonbin batter up 100m views,anies the dablek ran out of state money 80 trillion over pollution juntidakook is coming olivia gaco daesang bangtan debut karina wonbin batter up 100m views,Netral,Netral
76,ayo bli ketut maen2 lah jakarta biar rasa maju jakarta sejak pimpin anies,come on bli ketut maen2 lah jakarta let's feel forward jakarta since pimpin anies,Netral,Netral
77,lama debat anies tampil tenang jelas segala tanya atas masalah bahas debat,"for a long time, the anies debate appeared calm, clear, all questions on the issue of debate",Positif,Positif
78,kasih fakta,love of facts,Positif,Positif
79,iya saya jdi malu cari presiden lo bukan ketua rt,yes i am too embarrassed to look for the president you are not the head of rt,Netral,Positif
80,debat anies hendak manfaat tren populer sosial media menyebarluaskan kritik utama kritik merdeka dapat,debate anies want the benefits of popular trends social media disseminate the main criticisms independent critics can,Positif,Positif
81,pak anies janji warga jakarta u jalan amanah samapai tuntas pimpin ibu kota jakarta apakh salah bang kl skrg pak anies niat bawa ubah apakh juga salah tidak etika bangrekam jejak bukti beliau tuntas amanah pimpin jkt,mr. Anies the promise of the citizens of Jakarta u Jalan Amanah until the completion of the leadership of the capital city of Jakarta Apakh is wrong to bang kl now Pak Anies the intention to change apakh is also wrong not to trace the ethics of his evidence to complete the mandate of Pimpin JKT,Negatif,Positif
82,anies orang pimpin milik semangat luar biasa kenal solusi hadap bagai tantang,anies people lead belong to the extraordinary spirit know the solution to such a challenge,Positif,Positif
83,anies milik mampu eksekusi implementasi bijak laku sungguhsungguh capai hasil harap,anies belonging to able to execute the implementation of sage behavior really achieve the results hope,Positif,Positif
84,anies contoh nyata orang pimpin milik semangat tak goyah,anies a real example of a person who leads belongs to an unwavering spirit,Positif,Positif
85,analisa mu kalau jujur bkn benar benar pintar menganalisa demi si buah hati jadi sesuai hati nuranisebenarnya pa wowo emosi untuk tahan emosi nya ucap lah mas aniesamaas anies,"your analysis if you are honest, you are really smart to analyze for the sake of the baby so that it fits your conscience, actually pa wowo emotions to hold his emotions, say mas aniesamaas anies",Positif,Positif
86,nilai anies hasil jelas masalah muncul dalam debat konkret,the value of anies the obvious result of the problem arising in the concrete debate,Positif,Positif
87,rekomendasi buku anak anak usia 17 tahun buku full gambarwarna buat koleksi tag besok senin selasa rabu kamis jumatberkah sabtu malam minggu malmingan selamat pagiii sarap makan selamat siang gaco anies surabaya gempa olivia hari ibu dana ginting desember,book recommendations for children aged 17 years old full-color picture books for tag collections tomorrow Monday Tuesday Friday Friday evening Sunday Malmingan good morningii sarap makan good afternoon gaco anies surabaya earthquake olivia mother's day dana ginting december,Positif,Positif
88,anies sosok milik tekad luar biasa hadap rintang menghadangnya,anies figure belonging to extraordinary determination to face the obstacles blocking him,Positif,Positif
89,anies selalu tunjuk teguh tekad luar biasa cari solusi wujud visi misi maju daerah,anies always shows great determination to find solutions to realize the vision and mission of advancing the region,Positif,Positif
90,pakar komunikasi politik universitas brawijaya verdi firmantoro nilai anies capres runut sampai materi debat,political communication expert brawijaya verdi university firmantoro value anies capres track to debate material,Netral,Netral
91,komitmen baik bangun anies cipta landas masa depan lebih baik,good commitment build anies create a better future,Positif,Positif
92,takut banget da anies jadi presiden yang darah sumbar malu sama kengototan bela,i'm really afraid of da anies being a president whose blood is a source of shame and defensiveness,Negatif,Negatif
93,waktu uas sadar kita pilih sandal jepit bakiak sama buruk harus tetap pilih sekarang anies lebih punya ide gagas sandal jepit tinggal,time uas aware we choose clog flip-flops just as bad must still choose now anies more have the idea of sticking flip-flops stay,Positif,Positif
94,lihat debat nilau anies pimpin selalu milik solusi hadap bagai rintang,see the debate of the value of anies pimpin always belongs to the solution facing like obstacles,Negatif,Positif
95,sangat lihat debat capres 2024 anies baswedan capres bisa jawab tanya jawab muas,really see the 2024 presidential debate anies baswedan presidential candidate can answer questions and answers muas,Positif,Positif
96,gabisa cari salah anies sampe salah dukung cari mo milih presiden mo milih dukung,gabisa cari salah anies sampai salah dukung cari mo milih Presiden mo milih dukung,Netral,Netral
97,semua omong anies ngibul program program amburadul juntidakook is coming olivia gaco daesang bangtan debut karina wonbin batter up 100m views,all talk anies ngibul program amburadul program juntidakook is coming olivia gaco daesang bangtan debut karina wonbin batter up 100m views,Netral,Netral
98,debat capres anies baswedan tanggap nyata argumen sangat bobot tentu muas rakyat,debate presidential candidate anies baswedan real responsiveness very weighty argument of course muas rakyat,Positif,Positif
99,klo ulama2 tahu jejak digital pak anies waktu wawancara najwa shihabselama pak nyapres tidak maju nyapresternyata waktu debat pojok pak mosok sih orang intidakar janji gitu dukung tak iye,klo ulama2 know the digital footprint of pak anies at the time of the interview najwa shihabas long as pak nyanyapres not advanced nyapresternyata time of debate corner pak mosok anyway intidakar people promise so support tak iye,Negatif,Positif
100,hanya dapat anggota dpr psi jadi pegang yah wakakaka kamu tnton video fullnya youtube justru anies jegal anggar makanya tonton youtube selesai,can only be a member of dpr psi so hold it well wakakaka you tnton full video youtube actually anies jegal fencing so watch youtube finished,Positif,Positif
101,anies jago debat jago ngeles kalau tanya jawabanya mutar2 spy ngeles kata yang kerja bajing bohong etika yang usung jadi gubernur mata najwa janji calon diri jk juga mecalonkan diri,anies jago debat jago ngeles if the question and answer is mutar2 spy ngeles the word that works squirrels lies ethics that stretches so the governor of the eye promises that the candidate will also run for office,Netral,Positif
102,ahok produk masuk anies,ahok anies entry products,Netral,Netral
103,anies the legend of avathar sang kendali angin,anies the legend of avathar the wind control,Netral,Netral
104,iyaaasambil jilatin lubang pantatadmin socmed emang otak sentidaklek,iyaaasambil lickingin buttholeadmin socmed emang otak sentidaklek,Netral,Positif
105,kalau balik tanya pak bagaimana tanggap hadap anies jawab sorry ni ye asumsi awokwokwok,"if you ask back, sir, how to respond to anies, say sorry, this is the assumption of awokwokwok",Negatif,Positif
106,anies baswedan sebut tak tahan jadi oposaudarii perintah nyata lontar debat perdana capres ban partai gerindaria,anies baswedan said it could not stand to be an oposaudarii real order to throw the first debate of the presidential candidate tire party gerindaria,Positif,Positif
107,anies sindir tak tahan jadi oposaudarii nusron wahid rekonsiliasi nasional,anies sarcasm can't stand being oposaudarii nusron wahid national reconciliation,Netral,Positif
108,resamai dukung uas harus pakta integritas harus laksana anies baswedan,resamai dukung uas must pact integrity must be like anies baswedan,Netral,Positif
109,hari debat capres no urut 1 anies baswedan unjung ustadz abdul somad riau adapun capres nomor urut 2 subianto nyanyi joget sama alumni akamuil presiden ri 6 susilo bambang ysudahoyono,debate day presidential candidate no sequence 1 anies baswedan unjung ustadz abdul somad riau as for presidential candidate number sequence 2 subianto sing joget with alumni akamuil real president 6 susilo bambang ysudahoyono,Positif,Positif
110,antara anies ama wowo emang sama sama bego apa gimana tolak lupa,between anies ama wowo is the same as bego what about refusing to forget,Netral,Netral
111,serang balik anies strike,strike back anies strike,Netral,Netral
112,abraham samad gugat pilih jd presiden kelleher olivia anies adidas daesang gaco surabaya selamat pagi gempa ginting dana brighton moldova molly pilih baik first lady,abraham samad lawsuit choose jd president kelleher olivia anies adidas daesang gaco surabaya good morning earthquake ginting dana brighton moldova molly choose good first lady,Positif,Positif
113,biasaaa buzzer mahh kalau gak nemu lemah anies akhir bikin2 hasut kalau engga gak makan,biasaaa buzzer mahh if you don't find a weak anies end up making incitement if you don't eat,Negatif,Netral
114,ibarat tanding sepak bola suporter kalah kecewangomel bahagia cari cari salah musuh yang alami kubu dukung team anies yng bahagia ini,is like a football match the supporters lose kecewangomel happy find one of the enemies who are natural strongholds to support this happy anies team,Positif,Positif
115,genuinely nanya misal aku pilih aniesamauhaimin aku ga pilih legislatif pks nasdem nya contoh pks ruu nya problematik gitu gimana,genuinely ask for example I choose aniesamauhaimin I don't choose the legislature pks nasdem his example pks ruu his problematic like that,Positif,Positif
116,jelas tak level laaah mbak pak anies tuuuh capres sedantidakan bang fahri cuman juru bicara kl buat tweet tuuuh pak baru tuuuh level pak aniessama2 capres cerdas dikit berhusnudzon napa siih mbak kata nya pilpres gembiralupa yaa gemoy,clearly not level laaah mbak pak anies tuuuh capres sedantidakan bang fahri cuman kl spokesman for tweet tuuuh pak baru tuuuh level pak aniessama2 little intelligent capres napa siih nudzon mbak kata nya pilpres gembiralupa yaa gemoy,Positif,Netral
117,anies antidakuh tega hukum padahal para dukung masalah berani tego gaco olivia jill biden daesang gempa adidas surabaya batter up 100m views pilih baik melania bangtan debut,anies antidakuh tega hukum even though the supporters support the problem of dare tego gaco olivia jill biden daesang earthquake adidas surabaya batter up 100m views choose either melania bangtan debut,Netral,Positif
118,mmmmkayaknya ngga yakin sama kualitas capres dukung butuh bawa2 nama orang delusi anda lebih baik anies wake up saudara ikhlas hati baik indonesia seluruh biar baik yang pilih,"mmmm, I don't think I'm sure the quality of the presidential candidate support needs to bring the name of your delusional people better anies wake up brother sincerely good heart Indonesia all around so it's good to choose",Positif,Positif
119,anies sosok capres tidak milik adab orang lebih tua gaco olivia jill biden daesang gempa adidas surabaya batter up 100m views pilih baik melania bangtan debut,anies figure of the presidential candidate does not belong to the manners of older people gaco olivia jill biden daesang earthquake adidas surabaya batter up 100m views choose well melania bangtan debut,Positif,Positif
120,macam serang anies lalu anies nampol balik woiii,like attack anies then anies nampol back woiii,Netral,Netral
121,jadi anggota mrk yang bunuh kan 6 orang udah bunuh ga dapet jabat anies ga nolong klo mrk mau nyoblos dukung cm hak warga negara mau golput hak mrk lama mrk bukan genocide supporters or genocide actors gak kasih jabat mrk ga bsa buat ap2,being a member of MRK who killed 6 people already killed ga dapet jabat anies ga nolong klo mrk want nyoblos support cm citizen rights want golput rights mrk lama mrk not genocide supporters or genocide actors do not love jabat mrk ga bsa for ap2,Negatif,Netral
122,anies selalu jebak asumsi pribadi ada dukung bukti fakta gaco olivia jill biden daesang gempa adidas surabaya batter up 100m views pilih baik melania bangtan debut,anies always trap personal assumptions there is evidence supporting facts gaco olivia jill biden daesang earthquake adidas surabaya batter up 100m views choose well melania bangtan debut,Positif,Positif
123,ga yang peduli org2 kamu50 puja riziq soal ga usah turun suara anies org2 kaya riziq ikut,no one cares about your org250 puja riziq about not having to go down anies voice org2 rich in riziq come along,Positif,Netral
124,jugan suuzon bang orang paling ikhlas pak gak muntidakin main cara2 kotor itu pak ikhlas kalau tidak pilih pak ikhlas klo anies pilih tapi kok aku percaya 99 sama statemt abang,also suuzon bang the most sincere person sir not muntidakin playing dirty ways sir sincere if you don't choose sir sincere klo anies choose but why do I believe 99 is the same statemt brother,Positif,Positif
125,sukasuka orang lah mau milih anies kaga lucu banget dukung anies tukang guilttrip orang liat noh swing voters belum mau ngevote anies awokwok,sukasuka orang lah mau milih anies kaga really funny support anies tukang guilttrip orang liat noh swing voter tidak mau ngevote anies awokwok,Positif,Positif
126,anies lihat munafik kait sikap lanjut ikn gaco olivia jill biden daesang gempa adidas surabaya batter up 100m views pilih baik melania bangtan debut,anies look hypocritical hook attitude further ikn gaco olivia jill biden daesang earthquake adidas surabaya batter up 100m views choose well melania bangtan debut,Netral,Positif
127,anies sama jadi seolah2 kerja sama padahal ngalir itu,anies is the same as if it were cooperation even though it flows,Netral,Netral
128,moga anies menang amin aamiin amin gaes,let's hope anies wins amen aamiin amen gaes,Positif,Positif
129,agama islam mengsajarkan untuk bakti dua orang tua dinding adidas karina surabaya anies daesang gempa islam,islamic religion aligns for the devotion of two parents adidas wall karina surabaya anies daesang earthquake islamic,Netral,Netral
130,akhir anies kena batu ucap kait udara ber ktapi gaco olivia jill biden daesang gempa adidas surabaya batter up 100m views pilih baik melania bangtan debut,end anies hit a rock say air hook ber ktapi gaco olivia jill biden daesang earthquake adidas surabaya batter up 100m views choose well melania bangtan debut,Netral,Netral
131,celana panjang chino pria murah kualitas dapat cashback 40 shopee video anies gaco daesang surabaya gempa ayo lihat video shopee video,men's chino trousers cheap quality can cashback 40 shopee video anies gaco daesang surabaya earthquake let's see video shopee video,Positif,Positif
132,jelas lebih pantes anies,clearly more pantes anies,Positif,Netral
133,serang yang kerja si memed hari buzzer ayah semua medsos debat kpu serang kalap sekali rl nyata ada hasil cenderung negatif anies pelan2 banyak bicara semua kalangantitik cerah,attack that work memed day buzzer dad all medsos debate kpu attack once real rl there are results tend to be negative anies slowly talk a lot all bright kalangantitik,Positif,Positif
134,panggung debat panggung ny sama anies klo kalah panggung langsung ulti nya pake surat lah lah lah nyari kunci pokok hahahahaaa badut politik,stage debate stage ny sama anies klo lose stage directly ultinya use letter lah lah nyari key staple hahahahaaa political clown,Positif,Positif
135,tinggal dukung anies baswedan lebih mampu ayom rakyat indonesia depan,just support anies baswedan more able to ayom the people of Indonesia,Positif,Positif
136,singgung soal janji tak maju ada pilpres anies komitmen dki,allude to the promise of no progress there is a presidential election anies dki commitment,Netral,Positif
137,anies memang gak percaya kata2 nya tukang obral janji,"anies did not believe his words, the salesman promised",Netral,Netral
138,parah banget cantik udah gitu keren dukung pak anies sempurna,"it's so beautiful, it's so cool to support Mr. Anies perfectly",Positif,Positif
139,haha janji apa batas hak orang untuk abdi negara emang jamin hak hidup anies baswedan sedih sekali kualitas pikir makin turun,"haha promise what is the limit of people's rights for servants of the country, guarantee the right to life anies baswedan sadly the quality of thought is getting down",Negatif,Positif
140,fans bole otak pakai nyata jadi hoax hoax kalian buat jd nyata nonton bnyk,fans bole brains use real so hoax hoax you make jd real watch bnyk,Positif,Positif
141,main aman gimana jauh pikir awam itu jelas banget kok sikap anies ttg ikn apa lo doang ga faham,playing peacefully how far the public mind is clear how come the attitude of anies about what ikn lo doang don't understand,Positif,Positif
142,ayoviralkan rekam jejak anies rasayaid baswedan pimpin dki jkt,ayoviralkan track record anies rasayaid baswedan pimpin dki jkt,Netral,Netral
143,nama gerinda naik pdhl lebih 10th lalu pasang mega seolaholah gerindaria lebih kecil anies njirrtt,the name of the grinder goes up pdhl over 10th then installs mega as if the smaller grinder anies njirrtt,Netral,Netral
144,betulcocok jadi bapak bangsa king maker gak cocok jadi presidenpresiden biar cocok2 sajaanies,properly fit to be the father of the king maker nation is not suitable to be the president so that it matches the sajaanies,Positif,Positif
145,hatihatianies dekat abdsomad,hatihatianies near abdsomad,Positif,Netral
146,anies cerdas amp jujur fakta,anies intelligent & honest facts,Positif,Positif
147,pada takut sama fpi dah organisasi udah bubar kok takut sama ideologi emang power besar apa pas anies jabat jadi gub dki ngadain christmas carol gitu mantan pentol fpi rusuh aduh,in fear of the same fpi already the organization has disbanded why are you afraid of the same ideology emang great power what fits anies jabat so gub dki ngadain christmas carol so ex pentol fpi riot ouch,Positif,Positif
148,ampun ama ni orang benci fpi dan gerombol nya kena anies dulu kena tuduh mobilisasi 212 keluarga cikeas eh pangeran cikeas kalah putar pertama kena anies,sorry ama this people hate fpi and the horde got anies first got accused of mobilizing 212 families cikeas eh prince cikeas lost the first round of getting anies,Negatif,Netral
149,lama tuan timbul hidup anies gausah nyapres gitu etika gak bicara2 soal etika kaya tuan plongo lebih fahan sudah menang 2x tuan timbul,old sir arise live anies gausah nyapres gitu ethic not talking about ethics rich sir plongo more fahan has won 2x sir arise,Positif,Netral
150,mentidakaitkan apbd dki puluh trilyun mampu anies atas polusi padahal masalah polusi jkt bukan soal duit tentang wenang perintah pusat stupid soal lintidakungan yang harus koreksi,disassociate apbd dki tens of trillions able to anies over pollution even though the problem of JKT pollution is not a matter of money about the authority of the stupid central order about lintidakungan that must be corrected,Negatif,Negatif
151,anies lbh baik dibandintidakan kamu hya dewan jilat amp munafik,anies lbh well dibandintidakan you hya hall lick amp hypocrite,Netral,Netral
152,hukum tegak semua capres anies singgung gibran papar visi misi soal tega hukum,"the law upholds all presidential candidates, anies alludes to gibran, explains the vision and mission of the law",Netral,Positif
153,lamongan viva jatim naskah uji kelas xi samak muhammadiyah sekar kabupaten lamongan pampang foto calon presiden capres anis baswedan naskah uji mata pelsajaran bahasa inggris dapat foto anies baswedan sebut dapat poin b nomer 21 23,lamongan viva jatim test script class xi samak muhammadiyah sekar lamongan pampang regency presidential candidate photo anis baswedan test script English language teaching can photo anies baswedan say can point b number 21 23,Netral,Positif
154,ini 13 poin pakta integritas pakat paslon 1 anies baswedan muhaimin iskandar dapat dukung ijtima ulama sepenuh,this 13 points pact integrity pakat paslon 1 anies baswedan muhaimin iskandar can support ijtima ulama full,Positif,Positif
155,saha ieu teh meuni geulis kitu sampai salam si cantik dan kasih tahu bahwasanya akan pilih pak anies jadi presiden ri,saha ieu teh meuni geulis kitu until greeting the beautiful and tell him that he will choose pak anies to be president ri,Positif,Positif
156,desak anies desak nya bukan asal nama biar tarik acara orang beneran ngedesak keras depan muka pak anies,urging anies the urging is not the origin of the name so pull the event people really pressed hard in front of Pak Anies face,Negatif,Negatif
157,kasi mau pilih anies dibully emak,i want to choose my mother's bullied anies,Netral,Netral
158,kutip anies dasar atas berita 2019 prioritas bangun pedestrian cak imin beliau bicara ketidaksepakatannya atas pindah ibukota justru teguh stereotipe kalimantan,cite basic anies on the news of 2019 the priority of building a pedestrian is imin he spoke his disagreement over moving the capital is actually firmly the stereotype of Kalimantan,Negatif,Netral
159,2 hari lalu anies tetap trending twitterx tanya,2 days ago anies still trending twitterx asked,Netral,Netral
160,gilir mas anies ngegas,queue mas anies ngegas,Netral,Netral
161,anies musuh negara wakanda harap rakyat indonesia wakanda no more indonesia forever,anies enemy of the state of wakanda hope that the people of Indonesia wakanda no more indonesia forever,Negatif,Positif
162,anies ga tolak memang gera karena jokowi literally ga yang berani larang karena memang massa sedang gusar jelas anies bukan inisiator dalang ga nge encourage ga libat jadi sama sekali,anies ga reject is indeed gera because jokowi literally ga who dares to ban it because the masses are angry it is clear that anies is not the initiator of the mastermind ga nge encourage it not to be involved at all,Negatif,Positif
163,pak pernah usung anies tapi untidakit d debat terus bakas pak anies salah ingat gerindaria terima banyak manfaat saaat dukung anies,sir never stretch anies but foridakit debate continue bakas pak anies wrong remember gerindaria receive many benefits saaat support anies,Netral,Positif
164,pak anies tugas nya pak surya lantas tak level tuh jongos nya yaaa mbak,sir anies his duty pak surya then not the level tuh jongos nya yaaa mbak,Netral,Netral
165,nilai sangat santai sangat tenang tak lihat gugup sama sekali bahkan beberapa kali justru hasil cair suasana jokesnya gaya silat gemoy pasca jawab tanya anies lalu ikut riuh tawa tonton pimpin tegas,value is very relaxed very calm do not look nervous at all even a few times it is actually the result of the joking atmosphere of the gemoy silat style after answering questions anies then participating in noisy laughter watch pimpin tegas,Positif,Positif
166,begini mentah dam sifat capres anies sombong antidakuh,this is raw and the nature of presumptuous anies presumptuous,Negatif,Positif
167,anies menang pilkada habib rizieq ga minta apa gsajadi apa,anies won the election habib rizieq don't ask what gsajadi what,Netral,Positif
168,anies baswedan tuding capres banyak janji timnas amin janji ukur,"anies baswedan pointed the finger at the presidential candidate, many promises from the national team, amen promise to measure",Positif,Positif
169,mereka2 alergi fpi jakarta jadi neraka jaman pak anies shummum bukamuun umyun fa hum l yarjin,they are allergic to fpi jakarta so hell time pak anies shummum bukamuun umyun fa hum l yarjin,Netral,Positif
170,anies baswedan cerita ustad abdul somad heran ada doa debat capres,anies baswedan story ustad abdul somad wonder there is a presidential debate prayer,Netral,Positif
171,temen ngoceh soal debat pilpres jd dengar baik dech y bagus kata pak anies d harap guna data spya gen z kosong jd faham visi misi pak anies,temen ngoceh about the presidential election debate jd hear good dech y good said pak anies d hope to use data spya gen z blank jd understand the vision and mission of pak anies,Positif,Positif
172,nasdem aju anies nasdem ini pasang rekonsiliasi bangsa negara pascaketerbelahan milu 2019 bukan versi fahri hamzah ngarang pak lurah neng ae bulan tunggu tak respons malah ab hendak kriminalisasi,nasdem aju anies nasdem this install the reconciliation of the nation after the split of milu 2019 is not the version of fahri hamzah ngarang pak lurah neng ae bulan wait not to respond even ab wants to criminalize,Positif,Positif
173,harus mas anies briefing dulu ngomong isu demokrasi kait oposaudarii partai usung utama nasdem pkb ibarat dulang air ciprat muka sendiri,must mas anies briefing first talking about the issue of democracy hook oposaudarii main stretching party nasdem pkb like a tray of water splints own face,Positif,Positif
174,pantesan kalau polling x anies menang mulucocok jadi presiden medsos doangnegeri maya,pantesan if poll x anies win mulucocok become president of doangnegeri virtual social media,Positif,Netral
175,bang andarie tidak etika antidakuh klaim anies jadi gub dki gerindaria tapi jasa jasa partai relawan2 rakyat dki yakin kalau gerindaria ssaja sendiri ngusung anies gak jadi,bang andarie is not ethical antidakuh anies claim to be gub dki gerindaria but the services of the people's volunteer party dki are sure that gerindaria ssaja itself carries anies not so,Positif,Positif
176,anies tunjuk ada tega hukum mata orang tua korban cari adil saat ini,anies points out that there is a law against the eyes of the victim's parents looking for justice at this time,Negatif,Netral
177,mustahil saudara nu pkb mau dikemanain anies masa jabat semua agama tara fpi diem ga aneh beras bansos jadi bancak anak buah pak heru cium kalau anies kasih dana lebih fpi tahu viral lah,impossible brother nu pkb want to be accompanied by anies the tenure of all religions tara fpi diem ga bizarre rice bansos so bancak sir heru's men kiss if anies give more funds fpi know viral lah,Positif,Positif
178,koq kamu sesal nyata anies nus laku nya lah ga tahan tolol,koq you regret real anies nus behavior is it can't stand stupid,Negatif,Positif
179,kyk anies udah ngegolin anulir offset,kyk anies already mengegolin anulir offset,Netral,Netral
180,2x periksa kpk anies datang 2x tidak bukti,2x check kpk anies come 2x no proof,Netral,Netral
181,bayang gak kalau tiba2 orang banyak pilih anies lalu menang pas menang baru tau kelompok sama ormas2 tsb apa rasa mereka2 tipu 2 kali tsb,"shadow or not if suddenly many people choose anies and then win when they win, they just know the group with the mass organizations, what do they think they cheated 2 times?",Positif,Positif
182,berani terobos area tega hukum paling rawan debat capres reza indariagiri siapa kapolri anies,dare to break through the most vulnerable legal Tega area of the presidential debate reza indariagiri who is Kapolri Anies,Positif,Positif
183,wkwkw iya kemarin2 kan efpei 212 beritane condong beberapa tokoh intine babe haekal neno warisamaan fahri hamzah eh gilir tokoh2 lain anies baswedan lsg cap politik identitas,wkwkw yes yesterday2 efpei 212 beritane incline some figures intine babe haekal neno inheritance fahri hamzah eh turn other figures anies baswedan lsg stamp political identity,Negatif,Netral
184,mana hebat wowo gertak si owe ciut dah aneh wsajah perisai nya awokwoox,where's the great wowo bluff the squeaky owl is weird wsajah his shield awokwoox,Positif,Positif
185,pantes buzzerrp om wowo aktif bngt nyerang anies segala penjurutaunya nutupin om wowo ko cape diri wkt debat kamurn segala cara nyerang anies ga mempan akhir tau om wowo lagi kurang sehat sehat sehat om wowo msh debat lain,pantes buzzerrp om wowo active bngt nyerang anies all the sequencers nutupin om wowo ko cape themselves wkt debate kamurn all the ways nyerang anies ga mempan akhir tau om wowo lagi less healthy healthy om wowo msh another debate,Positif,Positif
186,kalau nyerang anies debat soal politik identitas aku sukarela bakal jadi buzzer,if you attack anies debate about identity politics I will volunteer to be a buzzer,Netral,Netral
187,siap debat dua amin misi sejahtera keluarga akar kuat bangsa jcc network anies pilih baik,ready to debate two amen mission prosperous family strong roots of the nation jcc network anies choose well,Positif,Positif
188,tahu uas ulama ulama simpat anies beberapa bulan lalu sempat aku lihat video uah dukung anies jadi perlu heran pilih bebas ssaja ulama banyak masing masing punya pilih beda beda,know uas ulama ulama simpat anies a few months ago I saw a video uah support anies so I need to be surprised to choose freely only many ulama each have different choices,Positif,Positif
189,adem liat nya klo anies ngomong,adem liat nya klo anies ngomong,Netral,Netral
190,1 anies muhaimin 27 2 gibran 93 3 mahfud 43,1 anies muhaimin 27 2 gibran 93 3 mahfud 43,Netral,Netral
191,capres no urut 1 anies baswedan hadir diskusi sama kelompok disabilitas se jabodetabek islamic center kota bekas jabar jumat 1512 hub,presidential candidate no. 1 anies baswedan attended a discussion with the disability group as jabodetabek islamic center in the former West Java city on Friday 1512 hub,Negatif,Negatif
192,harus bukan judul gerinda bantah ucap kan anies kutip nyata bahkan vidio kita lihat sekarang banyak edar,must not be the title of the gerinda bantah say anies quote real even vidio we see now a lot of circulation,Positif,Positif
193,dulu milih fpi dulu milih jokowi yang jokowi yang pdip yang dulu milih fpi sekarang gabung anies yang dulu milih jokowi pdip sekarang gabung saudarianya gabung,used to vote for fpi used to vote for jokowi who was jokowi who was pdip who used to vote for fpi now join anies who used to vote for jokowi pdip now join his sister join,Netral,Netral
194,anies baswedan klarifikasi janji tak nyapres lawan singgung soal komitmen,anies baswedan clarification of the promise of tak nyapres opponent alludes to the commitment,Netral,Positif
195,siapa pilih bagai presiden 2024 anies muhaimin 900 gibran 61 mahfud 38 total suara 1302 klik link forward group temantemanmu terima kasih,who chooses like the president 2024 anies muhaimin 900 gibran 61 mahfud 38 total votes 1302 click the link forward group your friend thank you,Netral,Netral
196,anies libat putus bangun ikn beliau tau alas jelas harus segera bangun masalah masih banyak jadi saya malah lebih bijak anies jawab atau ketika tanya soal ikn,anies is involved in breaking up the wake up of ikn he knows the base clearly must immediately wake up the problem is still a lot so I am even wiser anies answer or when asking questions ikn,Negatif,Negatif
197,ahok ngebacot kep ribu tahun 2016 212 ngumpul dimonas 2016 kena anies,ahok ngebacot kep ribu tahun 2016 212 ngumpul dimonas 2016 kena anies,Netral,Netral
198,anies antidakuh tega hukum padahal para dukung masalah berani tego gaco selamat pagi batter up 100m views gempa anies kamis daesang pilih baik adidas moldova ulama dana ginting bengis,anies antidakuh tega hukum even though the supporters support the problem of dare tego gaco good morning batter up 100m views anies earthquake Thursday daesang choose well adidas moldova ulama dana ginting bengis,Positif,Positif
199,dukung telah hasil debat kamurin akan dukung anies,support has been the results of the kamurin debate will support anies,Netral,Netral
200,anies baswedan tuding capres banyak janji timnas amin janji ukur,"anies baswedan pointed the finger at the presidential candidate, many promises from the national team, amen promise to measure",Positif,Positif
201,kalau dibaca2 baik tetep putus tangan presiden aku percaya pak anies bakal laku rugi masayarakat golong tentu tidak bukti jkt di jkt dia dukung minoritas buat yang lain emosi tolak adem adil,"if it is read well, it still breaks the president's hand, I believe Pak Anies will be a loser for the golong community, of course, there is no evidence that JKT in JKT, he supports minorities for others, emotions refuse to be fair",Positif,Netral
202,kelen gorenggoreng sampah mending tanya pak aksa mahmud sampai nama pak anies muncul pilagiub dki,kelen gorenggoreng sampah mending tanya pak aksa mahmud until the name pak anies appeared pilagiub dki,Netral,Netral
203,anies sosok capres tidak milik adab orang lebih tua gaco selamat pagi batter up 100m views gempa anies kamis daesang pilih baik adidas moldova ulama dana ginting bengis,anies figure of the presidential candidate does not belong to the manners of older people gaco good morning batter up 100m views anies earthquake Thursday daesang choose well adidas moldova ulama dana ginting bengis,Positif,Positif
204,klu gak punya ambisi nama nya mayat anies podo wae,klu has no ambition his name is anies podo wae corpse,Netral,Netral
205,kemarin topik anies terus saudara takut yah,yesterday the topic of anies kept you scared,Netral,Netral
206,gak sadar anies calon pks sandiaga calon gerindaria kocak,unknowingly anies candidate pks passwordaga candidate gerindaria hilarious,Positif,Netral
207,anies selalu jebak asumsi pribadi ada dukung bukti fakta gaco selamat pagi batter up 100m views gempa anies kamis daesang pilih baik adidas moldova ulama dana ginting bengis,anies always trap personal assumptions there is supporting evidence of the fact gaco good morning batter up 100m views anies earthquake Thursday daesang choose well adidas moldova cleric dana ginting ruthless,Negatif,Positif
208,lalu pilih sandi uno sekarang tugas selesai balik teman lama utl hadap orang usung waktu anies tinggal kwn lama 5 tahun caci maki kerja luar biasa,then choose a uno password now the task is done behind an old friend utl against a stretcher when anies stayed kwn a long time 5 years insulting extraordinary work,Negatif,Negatif
209,baru tahu insiden sekian tahun hasil diumpetin publik eh sekarang buka sama anies pantes sj berang,just found out about the incident over the years the results of public decoction eh now open the same anies pantes sj beaver,Netral,Netral
210,anies lihat munafik kait sikap lanjut ikn gaco selamat pagi batter up 100m views gempa anies kamis daesang pilih baik adidas moldova ulama dana ginting bengis,anies see hypocrisy hook attitude further ikn gaco good morning batter up 100m views earthquake anies Thursday daesang choose well adidas moldova ulama dana ginting bengis,Positif,Positif
211,makanya kan aneh papar anies kan jelas indeks demokrasi turun bebas dapat kekang eh tiba2 yang bilang diktator menguntidakit jasa2nya anies kan aneh jaka sembung bawa golok,"that's why it's strange to see anies, it's clear that the free democracy index can be bridled, eh, all of a sudden who says that the dictator stalked his services, anies, it's weird, jaka sembung, bring a machete",Negatif,Negatif
212,kalau pak dukung habib luthfi babeh haikal engga politik identitas sedantidakan pak anies dukung sama uas malah bilang politik identitas bukan semua sama ya mainin politik identitas kalau gt masuk pak muncul adzan maghrib rcti,if sir supports habib luthfi babeh haikal not identity politics sedantidakan pak anies support same uas instead say identity politics is not all the same yes playin identity politics if gt enter sir appear adzan maghrib rcti,Netral,Netral
213,banyak bacot udah langgar etika konstitusi gak etika debat malah bilang anies gak etika rela bodoh asam sulfat badut,many bacot have violated the ethics of the constitution or not the ethics of the debate even saying anies or not the ethics are willing to be stupid sulfuric acid clowns,Negatif,Negatif
214,akhir anies kena batu ucap kait udara ber ktapi gaco selamat pagi batter up 100m views gempa anies kamis daesang pilih baik adidas moldova ulama dana ginting bengis,end of anies hit by stone say air hook with ktapi gaco good morning batter up 100m views anies earthquake Thursday daesang choose well adidas moldova ulama dana ginting bengis,Positif,Positif
215,berani terobos area tega hukum paling rawan debat capres reza indariagiri siapa kapolri anies,dare to break through the most vulnerable legal Tega area of the presidential debate reza indariagiri who is Kapolri Anies,Positif,Positif
216,anies keok daesang adidas singapura,anies keok daesang adidas singapore,Netral,Netral
217,fitnah apa fakta ayo jugan d bolak balik apa d sampek pak anies fakta benar coba buntu letak fitnah buntu ga data,slander what are the facts let's also go back and forth what d arrive pak anies true facts try dead end put slander dead end ga data,Negatif,Positif
218,kisah michael hart pria yahudi amerika protes tentang umum nama nabi muhammad kuliah umum london selamat pagi anies ulama gaco adidas ordal semalem uncrush koda daesang,story of michael hart american jewish man protest about the general name of the prophet muhammad public lecture london good morning anies gaco cleric adidas ordal semalem uncrush koda daesang,Positif,Positif
219,info slot gacor hari link slot gacor olivia anies prime video daesang karina dana mahito molly islam angin dieng,info slot gacor hari link slot gacor olivia anies prime video daesang karina dana mahito molly islam wind dieng,Netral,Netral
220,liat rekam jejak pas jd gubernur sajasebutin dapet apa pak anies,see the track record of pas jd governor sajasebutin dapet apa pak anies,Netral,Netral
221,manteb emang menteri baru klo lama kan korupsi kader nasdem skarenag dukung anies,manteb emang new minister klo lama kan corruption cadre nasdem skarenag support anies,Positif,Positif
222,selamat pagi jumat 15 desember 2023 pak anies sama disabilitaspada hari para disabilitas sejabodetabek gauntidakan anies presiden 2024 islamic center kota bekas,good morning friday 15 december 2023 pak anies sama disability on the day of the disabled as soon as gauntidakan anies president 2024 islamic center used city,Positif,Positif
223,analisaudari linguistik ekspresi gaya bicara anies debat perdana,analysis of linguistic expressions of speech style anies preliminary debate,Positif,Positif
224,narasi sesat pas anies jadi gub jakarta emang dki jd ibukota sayaariah islam justru kota ramah seluruh peluk agama ga pelihara benci lihat rekam jejak prestasi amp sumbangsih pak anies jugan tipu narasi islamophobia mcm,heretical narrative pas anies so gub jakarta emang dki jd capital meariah islam in fact a friendly city all over the world embracing religion do not maintain hate see the track record of performance & contribution sir anies jugan lie narrative islamophobia mcm,Negatif,Negatif
225,lagi anis ko bukan anies awokwokwokwok,again anis ko not anies awokwokwokwok,Netral,Netral
226,sajaib mereka paling keras tolak rizieq asosiasi anies yang biasa paling lantang citra progresip peduli bebas ekspres demokrasi ham hak minoritas lha kamu mau serius bicara hak minoritas enak tolak hak orang,magic they are the loudest reject rizieq the usual anies association the loudest progressive image care freely express democracy human rights minority rights lha you want to seriously talk about minority rights tasty reject people's rights,Positif,Positif
227,ab respons umum rakernas nasdem dengan apresiasi baik gp tetap diam teuku umar dingindingin ssaja gondangdia tawar anies ke pak lurah pak lurah janji jawab beberapa waktu kemudian kalau tak salah bulan bulan,ab general response rakernas nasdem with good appreciation gp remained silent teuku umar dingindingin ssaja gondangdia bargained anies to pak lurah pak lurah promise to answer some time later if it's not wrong month month,Positif,Positif
228,cek link bio tag olivia daesang gaco batter up 100m views gempa surabaya anies dana 40 hari first lady pilih baik,check link bio tag olivia daesang gaco batter up 100m views earthquake surabaya anies fund 40 days first lady choose well,Positif,Positif
229,bener2 jadi akun bayar sekarang haha toloool,bener2 so account pay now haha toloool,Positif,Positif
230,makin dekat pilpres makin banyak dukung pasang amin anies baswedan sosok tepat jadi orang presiden cerdas tegas jujur berani wibawa tanggungjawab rakyat kalau gak sekarang kapan punya presiden pak anies,"the closer the presidential election, the more support the pair of amen anies baswedan the right figure so that the president is smart, firm, honest, and courageous, the responsibility of the people if not now when have the president, Pak Anies",Positif,Positif
231,tinggal si anies mau jalan fakta integritas 2 poin sebut tidak semua tang anies caprescabut undangundang atau tetap jalan,stay the anies want to walk the integrity fact 2 points say not all tang anies caprescabut laws or keep walking,Netral,Netral
232,laku untuk nilai kubu dn anies bagi mana visamais mrk scr legitimate bs kt sandintidakan nazisamae apartheid dn islamisamae ala isaudari satu kalimat,behavior for the value of fort dn anies for which the visamais mrk scr legitimate bs kt sandintidakan nazisamae apartheid dn islamisamae ala isaudari one sentence,Netral,Netral
233,dulu mas anti abud anies jago sama2 nyungsep sekarang muji2 wan abud duh,mas anti abud anies jago sama2 nyungsep now muji2 wan abud duh,Negatif,Netral
234,anies keras banget nyata pukul,anies very hard real hit,Negatif,Netral
235,rasa adil timbang ini anies daesang gaco angin ordal karina ginting first lady semalem dieng no 1 no 2 no 3 koda putus selamat pagi aikaedutoys montessori anak pilih main lokal edukasi,sense of fairness weigh this anies daesang gaco wind ordal karina ginting first lady semalem dieng no 1 no 2 no 3 koda break up good morning aikaedutoys montessori children choose to play local education,Positif,Positif
236,jawab anies kok mutrr muter tong sayaetan,answer anies kok mutrr muter tong akuetan,Netral,Netral
237,serang masalah oposaudarii debat pertama calon presiden budiman sudjatmiko anies terlalu arogan lancang,attack the issue of oposaudarii the first debate of the presidential candidate sudjatmiko anies is too arrogant,Positif,Positif
238,kayak pak anies mntidakin hadir bakal muncul tanya balik beliau komisioner dewas kpk soal skandal tidak ada integritas pimpin kpk sendiri,"like Mr. Anies, none of the attendees will appear to ask back, he is the adult commissioner, kpk, about the scandal, there is no integrity, kpk leads himself",Positif,Positif
239,siap dulu 2019 skrg yang lbh hebat pa anies baswedan yu amin kan 2024,ready first 2019 now that's great pa anies baswedan yu amen right 2024,Positif,Positif
240,prediksi togel china pools 15 desember 2023 am 9 7 6 3 0 cb 2d 7 amp 9 top 4d 3017079171039713 top 3d 971397379713139 top 2d 179719371371 shio ayam twins 11,"lottery china pools prediction December 15, 2023 am 9 7 6 3 0 cb 2d 7 amp 9 top 4d 3017079171039713 top 3d 971397379713139 top 2d 179719371371 shio ayam twins 11",Positif,Positif
241,kasihan ya pak anies pernah bilang takut tidak punya jabat nyalon tiap milu,"pity, sir, Anies once said that he was afraid of not having a nyalon shake every milu",Negatif,Negatif
242,atas dasar skill beliau sulit tanding maka pak anies sangat cocok kita pilih jubir presiden,"on the basis of his skills, it is difficult to compete, so Mr. Anies is very suitable, we choose the spokesman for the president",Positif,Positif
243,tidak milih emang orang tidak milih anies sih,don't choose people don't choose anies anyway,Netral,Netral
244,laut lo ngak penting masih banyak orang waras dukun anies,sea lo ngak important there are still many sane people shaman anies,Positif,Positif
245,pakta integritas tanda tangan anies muhaimin insayaaallah dukung bagai kalang terus alir pasang anies muhaimin lolos putar 2 aamiin,pact integrity signature anies muhaimin insayaaallah support like a constant flow tide anies muhaimin escape turn 2 aamiin,Netral,Netral
246,ngarang anak mas anies mas pernah jadi kepala daerah,ngarang anak mas anies mas was once the regional head,Netral,Netral
247,kalau anies politik pragmatis turut lihat jauh arti bisa jadi ukur observasi arti umum diskursus intelektual gak laku indonesia pantes kubu sana males debat udahlah jogetin udah parah kondisi bangsa,if anies pragmatic politics also look at the meaning it could be a measure of observation of the general meaning of intellectual discourse not doing well Indonesia pantes camp there males debate already jogetin already bad condition of the nation,Negatif,Positif
248,anies bagai kacang lupa kulit,anies like peanuts forget the skin,Netral,Netral
249,ini tanda anies lihat diskursus gagas intelektual efektif naik elektabilitasnya akhir guna gaya lama nama politik pragmatis keluar dana besar end goals nya menang mau ordal atau idenpol,this is a sign of anies see the discourse of intellectual ideas effectively increase the electability of the end for the old style of pragmatic political names out of big funds the end goals win want ordal or idenpol,Positif,Positif
250,pak anies bagus dari awal serang terus kan 3 cawapres nya,"mr. Anies is good from the beginning to attack, right? 3 vice presidents",Positif,Positif
251,makamah konstitusi mk kenape masalah mulu capres bowo buka aib anies datengin rumah buat menang pilagiub dki bowo bilang ga nyari jabat terus ngapain capres 4x wkwk pilih baik nomer urut 3,mother of the constitution mk kenape problem mulu presidential candidate bowo open disgrace anies datengin home to win pilagiub dki bowo say ga nyari jabat keep doing presidential candidate 4x wkwk choose good number sequence 3,Positif,Positif
252,anies gak pernah culik kok tuduh jahat kocak,anies never kidnapped why do you accuse me of being nasty hilarious,Negatif,Netral
253,biasaa semua bakar jenggot sampe takut tengah mati brarti gadukung anies sampe fitnah caci maki ulama astaghfirullah inget azab byk2 istighfar mending,used to all burn the beard until the fear of dying brarti gadukung anies until the slander of insulting the scholar astaghfirullah remembering the punishment byk2 istighfar mending,Negatif,Positif
254,mulai laku 1nt1m1d4si,from 1nt1m1d4si,Netral,Positif
255,sempat diskus para pemuda jambi milik semangat ubah indonesia diskusi mulai soal didik konflik agraria teknologi aman data hingga bijak bangun akan ambil pilih jadi presiden,"had time to discus the youth of Jambi belonging to the spirit of changing Indonesia, discussions began about the education of agrarian conflicts, data-safe technology, so that wise wake up will choose to be president",Positif,Positif
256,anies level ketua demo protes trus ga ngerti mssalah,"anies level leader of the protest demonstration, so I don't understand mssalah",Netral,Netral
257,wow ini benar,wow this is true,Positif,Positif
258,amin doa khusus hari jumat segala hsajat kabul gaco daesang semalem surabaya ordal anies adidas karina koda,amen special prayer friday all hsajat kabul gaco daesang semalem surabaya ordal anies adidas karina coda,Positif,Netral
259,w45it jangan ikut main,w45it don't play,Netral,Positif
260,kalau dibaca2 baik tetep putus tangan presiden aku percaya pak anies bakal laku rugi masayarakat golong tentu tidak bukti jkt di jkt dia dukung minoritas buat yang lain emosi tolak adem fakta,"if it is read well, it still breaks the president's hand, I believe Pak Anies will be a loser for the golong community, of course, there is no evidence that JKT in JKT, he supports minorities for others, emotions reject Adem facts",Netral,Netral
261,andai partai gabung anies kicau seperti juga sakit hati tinggal,if the party joined the chirping anies as well as the heartache of staying,Netral,Positif
262,klo mau debat ini panjang akhir lu nyalahin karna lu dukung anies masalah tega hukum semraut saya apresiasi koq nyata anies klo tegak hukum masih kacau arah kan bukan kesana,"if you want this debate to be long, you are guilty because you support anies with the problem of ant law, I appreciate the real koq, anies, klo upright the law is still chaotic, right?",Negatif,Negatif
263,4p4r4t ikut memenantidakan,4p4r4t participated in the victory,Netral,Netral
264,semenjak ngetwit anies followes gue udah nambah 3000 gimana dong,since tweeting anies followes I've added 3000 how about,Netral,Netral
265,pilpres 2024 tidak pilih subianto pranowo anies baswedan saya tidak golput bingung tah ora kowe,the 2024 presidential election did not choose subianto pranowo anies baswedan i did not golput confused tah ora kowe,Negatif,Positif
266,anies debat pertama ngomong ngelantur data salah semua,anies the first debate talked about all the wrong data,Negatif,Positif
267,bukan masalah tapi perlu kaji ulang masih perlu atau tidak capres punya skala prioritas nanti pilih apa dulu mana dulu perlu baik ini anies ikn jadi prioritas masih banyak masalah,not a problem but need to review it still need or not presidential candidates have priority scale then choose what to do first where first need to be good this anies ikn be a priority there are still many problems,Positif,Positif
268,link anti runtidakad olivia daesang gaco batter up 100m views gempa surabaya anies dana 40 hari first lady pilih baik,link anti runtidakad olivia daesang gaco batter up 100m views Surabaya earthquake anies fund 40 days first lady choose well,Positif,Positif
269,pak anies besar jadi gubernur belimbing sayur besar siapa,pak Anies Besar Becomes the Governor of Belimbing Vegetable Besar,Netral,Positif
270,komunikasi ab sangat lancar dengan teuku umar selalu kendala misal kena covid bagai diam ssaja tak respons 15 juni 2022 nasdem umum tiga nama calon presiden no 1 anies no 2 andika no 3,ab communication is very smooth with teuku umar always constraints such as being hit by covid like silent just no response 15 june 2022 general nasdem three names of presidential candidates no 1 anies no 2 andika no 3,Positif,Positif
271,koleksi kendara capres miskin anies baswedan vs capres kaya subianto,a collection of vehicles for poor presidential candidates anies baswedan vs subianto rich presidential candidates,Negatif,Positif
272,mantap sih pak anies jauh membatidakan,steady sir anies far beratidakan,Positif,Positif
273,kata dukung anies cerdas2,words of support for intelligent anies2,Positif,Positif
274,karena abud anies mentidaklaim bangun banyak gereja cek fakta kok sara,"because abud anies doesn't claim to build many churches, check the facts, sara",Positif,Positif
275,bagai warga jakarta kok malah rasa balik yaanies jelas bawa jakarta jauh lebih baik banding gubernur belum,like citizens of jakarta how come even feel back yaanies obviously bring jakarta much better appeal the governor has not,Positif,Positif
