reviewId,userName,userImage,content,score,thumbsUpCount,reviewCreatedVersion,at,replyContent,repliedAt,appVersion
9483c31c-d8c7-417d-b6c7-ea4a6e75741d,Seputarr Musik,https://play-lh.googleusercontent.com/a-/ALV-UjVCYNMKlh79eeR_KJUUvvD7_hKkBvv-4IhGJbJYiHwIXEy-1cU,"Lucu asli, kalo buka realtime trx harganya Rp.2515 sedangkan mode pro reku harga per trx Rp.2525. lu transaksi sebagai pembeli bisa jual diharga mode pronya. Tapi giliran transaksi jual harus mode lightning. Apa ngga sedih sama exchange lokal wkwk",1,0,,2024-10-10 07:50:23,"Hai Sobat Reku, Mohon maaf atas ketidaknyamanannya ya. Jika ada kendala bisa hubungi LiveChat 24/7 http://reku.id/livechat kami ya, atau bisa ke email cs@reku.id agar kendalanya dapat segera dibantu. Terima kasih.",2024-10-10 08:02:01,
47c18db9-e6e2-4b02-b413-3b803bad9f30,M Nur Is,https://play-lh.googleusercontent.com/a-/ALV-UjUYHRVbpbwTqdf6nXqyUYMSJFsK76-9Mli3vivJrw9twOhk4Drc,"aplikasi REKU adalah dompet yang sama juga mutu nya dengan Dompet kartu Bank yang ada di Indonesia. selain terpercaya, juga REKU mudah untuk melakukan transaksi perbankan.",5,0,4.1.07,2024-10-09 14:15:50,Hai Sobat Reku. Terima kasih sudah menggunakan aplikasi Reku ya. Kami senang mengetahui kamu memiliki pengalaman yang baik dalam menggunakan aplikasi Reku. Semoga hari kakak menyenangkan ya! ğŸ˜Š,2024-10-09 14:31:37,4.1.07
3c928ec9-5aac-496b-9c07-42994db1f7ea,Yeni Anggraeni,https://play-lh.googleusercontent.com/a-/ALV-UjUexrLeXDgMeLX1ed0eDm1YI6MCl8Py-OqNOPg8WYaY26bOyQE,ok,5,0,4.1.06,2024-10-09 12:34:28,Hai Sobat Reku. Terima kasih sudah menggunakan aplikasi Reku ya. Kami senang mengetahui kamu memiliki pengalaman yang baik dalam menggunakan aplikasi Reku. Semoga hari kakak menyenangkan ya! ğŸ˜Š,2024-10-09 12:57:11,4.1.06
34c0b8ed-6c45-449d-8246-b5bc087a0119,RD PLAYER,https://play-lh.googleusercontent.com/a-/ALV-UjXqiF3g-k9Hl5DWq1LrZSibblJmYiBOdBGHiwziqDmE-m7Wzlbn,"tambah mahal,, jarak jual dan belinya terlalu gede.,, masa iya skali beli kepotong 10%, 30%",3,0,,2024-10-09 11:19:33,"Hai Sobat Reku. Untuk Spread selisih perbedaan harga di Aset Kripto itu menentukan Likuiditas dan Volatilitas Harga aset cryptonya Kak. Jika ada kendala bisa hubungi LiveChat 24/7 http://reku.id/livechat kami ya, atau bisa ke email cs@reku.id agar kendalanya dapat segera dibantu. Terima kasih.",2024-10-09 12:35:03,
00ae7455-1990-4013-8a78-517eb61aa0ac,Thoni Hermawan,https://play-lh.googleusercontent.com/a-/ALV-UjWocDNy060b7GR7s8KGFsN39natZ45FXHNGx7TIWXAfZOX8jj0,"Aplikasi ini bagus untuk berdagang kripto, tampilan juga mudah di pahami tidak ribet, pakai ini saat mau daftar â£ï¸ nakama â£ï¸ sangat kompetitif untuk perdagangan yang efisien tanpa biaya yang besar, permintaan topup dan penarikan diproses dengan cepat, ini merupakan nilai tambah yang sangat besar, di tambah pelayanan cs sangat cepat respon, reku salah satu platform andalan, sangat rekomendasi untuk pemakaian. ğŸ‘",5,0,4.1.07,2024-10-09 05:37:40,Hai Sobat Reku. Terima kasih sudah menggunakan aplikasi Reku ya. Kami senang mengetahui kamu memiliki pengalaman yang baik dalam menggunakan aplikasi Reku. Semoga hari kakak menyenangkan ya! ğŸ˜Š,2024-10-09 06:10:07,4.1.07
e5ab941b-9f55-4344-9f68-609ccce6e25e,Dicky Setyadi,https://play-lh.googleusercontent.com/a-/ALV-UjXLtk5Uw0va933XO1amuldsSfB3cVCtFdG5E5H72pto1etkYdU,baru mau coba muda mudahan apk nya bagus,5,0,4.1.07,2024-10-08 12:20:08,"Halo Sobat Reku! Terima kasih atas penilaian baiknya. Semoga pengalaman kakak menggunakan aplikasi Reku menyenangkan ya. Kalau ada pertanyaan atau kendala, jangan ragu untuk hubungi Customer Success Reku lewat layanan Livechat yang bisa diakses di link reku.id/livechat tim Customer Success Reku akan dengan senang hati membantu. Sehat selalu ya kak!",2024-10-08 12:23:01,4.1.07
e41e0551-f8a7-461b-9e7b-db208da0d4ea,syihab Burachman,https://play-lh.googleusercontent.com/a-/ALV-UjWC0oJI67LuRMyaZylRO_Y7L5iiGwDIkmS4SPXYEurZUObAYYg,udh Joss pokoknya,5,0,4.1.07,2024-10-07 20:06:36,Hai Sobat Reku. Terima kasih sudah menggunakan aplikasi Reku ya. Kami senang mengetahui kamu memiliki pengalaman yang baik dalam menggunakan aplikasi Reku. Semoga hari kakak menyenangkan ya! ğŸ˜Š,2024-10-07 21:12:33,4.1.07
71aca224-e483-4f97-8580-875f3d4720f8,Harun Firdaus,https://play-lh.googleusercontent.com/a-/ALV-UjWh6lAD9LeqkII51gGwPH3CUlA20XFseU9mzKqSTH7p9i3IyoF4,"Exchange lokal paling mantap, admin ga ribe terus varian Bank bnyak",5,0,,2024-10-07 18:40:22,Hai Sobat Reku. Terima kasih sudah menggunakan aplikasi Reku ya. Kami senang mengetahui kamu memiliki pengalaman yang baik dalam menggunakan aplikasi Reku. Semoga hari kakak menyenangkan ya! ğŸ˜Š,2024-10-07 23:14:43,
50dfb0de-5a58-4745-8ef8-81d2d41701f7,Andre Saputra,https://play-lh.googleusercontent.com/a-/ALV-UjWllxil_8BVrSNvqkLY8ns2HFfLuxc-bPiATvahC9avUd495Yd_,Sekuritas paraah mines 5 persen abis itu naik 9 persen harusnya udah profit 4 persen ini malah masih mines 4 persen kocak giliran turun aja grecep saldo ngurang nyaa gliran naik di sekuritas lain naik disini malah mines ajaa kocakkk,1,0,,2024-10-07 13:28:08,"Kita infokan, jika ada transaksi beli kakak lakukan di harga yang jauh lebih tinggi daripada harga Aset Kripto itu di saat ini, bisa menyebabkan persentase minus di Portfolio nya kak. Kalau ada kendala atau pertanyaan, kakak bisa hubungi kita lewat Livechat melalui link reku.id/livechat agar bisa segera dibantu ya kendalanya. Terima kasih.",2024-10-07 14:14:18,
f13b1469-2b7f-4e1d-81da-31d38f2518eb,Sambal Lado,https://play-lh.googleusercontent.com/a/ACg8ocLXxtdF7r7vLo3m-0Yf10xeGYpP7xwdM9BFQFtYPcC-fzaX=mo,Kirim crypto lama..bgt... Fee juga terlalu mahal... jauh diatas rataÂ² fee market.. market fee 5k.. di sini hmpir 10k.. 2x lipat.. bhkan ada yg 5x lipat.. contoh TRX.. rataÂ² fee market send 1 TRX - 2 TRX .. di sini 5 TRX !! Fee trade crypto juga mahal bgt.. Pantes volume trade kecil..!! Gk ada yg minat trade crypto di sini. RataÂ² ke saham.,2,0,4.1.07,2024-10-06 19:40:18,"Hai Sobat Reku! Mohon maaf atas ketidaknyamanannya ya. Untuk informasi detail mengenai biaya transaksi di Reku bisa langsung cek dari link berikut https://reku.id/fees kak. Jika ada kendala bisa segera hubungi LiveChat 24/7 http://reku.id/livechat kami ya, atau bisa ke email cs@reku.id agar kendalanya bisa segera dibantu. Terima kasih.",2024-10-06 19:53:20,4.1.07
e0a22cba-5440-4eba-b3bf-f18f0c7a499f,Arya Widi arta,https://play-lh.googleusercontent.com/a-/ALV-UjU0ui248qy21tXSsoSG6nD1jS-aQeqQlZ5MrnYaCM_yBstLKBgH,reku sangat cocok untuk digunakan dalam aplikasi perdagangan kripto menurut saya aplikasi reku sangat mudah untuk digunakan dan mudah untuk di pelajari,5,0,4.1.07,2024-10-05 17:26:45,Hai Sobat Reku. Terima kasih sudah menggunakan aplikasi Reku ya. Kami senang mengetahui kamu memiliki pengalaman yang baik dalam menggunakan aplikasi Reku. Semoga hari kakak menyenangkan ya! ğŸ˜Š,2024-10-05 23:53:57,4.1.07
cbfe2c59-5613-4202-b002-f3a35a130ffe,Gaos Kuningan,https://play-lh.googleusercontent.com/a/ACg8ocLewZllndnDKwKubOA5_3uFi0hZcsHQxNQNxYWr-x5dBM9R6A=mo,good,5,0,4.1.07,2024-10-05 12:10:37,"Hai Sobat Reku. Terima kasih sudah menggunakan aplikasi Reku ya. Kami senang mengetahui kamu memiliki pengalaman yang baik dalam menggunakan aplikasi Reku. Semoga hari kakak menyenangkan ya! ğŸ˜Š

",2024-10-05 12:21:25,4.1.07
5085ede2-5126-49be-9c3e-585e54387df6,byu bapa,https://play-lh.googleusercontent.com/a/ACg8ocJsXBzVcTGPFQahoLsvr6yiJ_IP5VQ8EUnSBT6OvcM5BoDx=mo,RIBET DAN TIDAK JELASS ğŸ‘ğŸ‘,1,0,,2024-10-05 11:19:39,"Hai Sobat Reku, Mohon maaf atas ketidaknyamanannya ya. Jika ada kendala bisa hubungi LiveChat 24/7 http://reku.id/livechat kami ya, atau bisa ke email cs@reku.id agar kendalanya dapat segera dibantu. Terima kasih.",2024-10-05 11:24:00,
7fdbc133-fdfb-4879-9d0a-c7662254b457,Infinix Hot12play,https://play-lh.googleusercontent.com/a/ACg8ocItZZWUIYrkuA4squ5BDsix0App5kAKFYWWHzaYxOIZW6p2HQ=mo,good,5,0,4.1.07,2024-10-05 00:27:18,"Hai Sobat Reku. Terima kasih sudah menggunakan aplikasi Reku ya. Kami senang mengetahui kamu memiliki pengalaman yang baik dalam menggunakan aplikasi Reku. Semoga hari kakak menyenangkan ya! ğŸ˜Š
",2024-10-05 06:37:36,4.1.07
31dbcc9b-5197-4333-847b-c80d0c707a5a,Kusmin Yang,https://play-lh.googleusercontent.com/a-/ALV-UjV4x3eobOzmKj3n2l6Q5AF055vAGYsFqkyVY1U--IKZjevZmvw,"Saya cukup lama menggunakan Reku ini,dimana kita bisa tahu profit atau tidak,tapi semenjak versi terbaru ini yg sudah memasukkan saham disamping crypto,menu favorit crypto tidak bisa disimpan. Hal ini terjadi sewaktu kita matikan hp atau logout dimenu favorit tetap hanya 3 crypto padahal kita sdh tambah jadi 10 crypto dengan cara geser kekanan",5,1,4.1.07,2024-10-04 17:21:59,"Hai Sobat Reku, kita bantu informasikan untuk Profit kakak bisa melihatnya di Menu Porfofio yang berada di halaman Wallet ya. Dan mengenai kendala pada Menu Favorit yang kakak alami, maka kakak bisa hubungi LiveChat 24/7 http://reku.id/livechat, atau bisa ke email cs@reku.id agar kendalanya dapat segera dibantu. Terima kasih.",2024-10-04 18:12:16,4.1.07
b85bdfce-a16f-4329-934a-03fecdb076e2,Bubung Alamsyah,https://play-lh.googleusercontent.com/a/ACg8ocKmG0LHfahv9t_tH-Zp3cmddoJv9KsnhWFvx7sghFyaH6Vr7Q=mo,Baik,4,0,4.1.07,2024-10-04 14:31:57,Hai Sobat Reku. Terima kasih sudah menggunakan aplikasi Reku ya. Kami senang mengetahui kamu memiliki pengalaman yang baik dalam menggunakan aplikasi Reku. Semoga hari kakak menyenangkan ya! ğŸ˜Š,2024-10-04 15:18:54,4.1.07
677380d7-f103-4614-8b35-4e879dd49a12,Julie Suardi,https://play-lh.googleusercontent.com/a/ACg8ocKSmZBZkiAoEfVkLA5mEhL4InXn3XrKLgroN0guEDo0_HoFRQ=mo,Ok om ğŸ‘,5,0,,2024-10-04 10:48:47,Hai Sobat Reku. Terima kasih sudah menggunakan aplikasi Reku ya. Kami senang mengetahui kamu memiliki pengalaman yang baik dalam menggunakan aplikasi Reku. Semoga hari kakak menyenangkan ya! ğŸ˜Š,2024-10-04 11:42:04,
c1244630-372a-42a9-8d2d-3e36cfce6fb1,Rika Ariani,https://play-lh.googleusercontent.com/a-/ALV-UjXQh7Q5hvhE2CA72uXu86aqNUDOvAAN5XSuQOwha3Dvmkekhw-7,"Saya menggunakan aplikasi ini isilah ğŸ’•ğŸ’•b a r o k a h ğŸ’•ğŸ’• ketika daftar biar akunmu aktif, atas rekomendasi seorang teman, seluruh antarmukanya sangat jelas dan lancar, dan fungsi perdagangannya juga sangat lengkap, memiliki variasi perdagangan yang kaya, analisis perubahan harga perdagangan internasional, dan akun demo gratis semuanya Saya sangat menyukainya, tetapi fitur favorit saya adalah kelancaran seluruh transaksi, sehingga saya tidak perlu khawatir akan kelambatan selama transaksiğŸ˜˜.",4,0,4.1.07,2024-10-03 09:02:21,Hai Sobat Reku. Terima kasih sudah menggunakan aplikasi Reku ya. Kami senang mengetahui kamu memiliki pengalaman yang baik dalam menggunakan aplikasi Reku. Semoga hari kakak menyenangkan ya!,2024-10-03 09:13:40,4.1.07
d4e68678-3d17-4b22-bbb1-81ab1af614bf,Nee Bee,https://play-lh.googleusercontent.com/a/ACg8ocLHX0CjACsRNk5fFhMOBeaBxD6TQu4Ba7ECgDpyaCtvSeb9AQ=mo,"Buset dehhh.... Beli cuma 10rb,, jadi koin seharga 8rb.. Fee jual beli ga ngotak... Gimna klo beli jutaan... Ilangnya segunung... Contoh indodax.. Fee minim bgt",1,0,,2024-10-02 22:40:33,"Hai Sobat Reku, Mohon maaf atas ketidaknyamanannya ya. Untuk informasi lengkap mengenai biaya transaksi di Reku, kakak bisa melihatnya melalui link berikut: https://reku.id/fees. Jika ada kendala bisa hubungi LiveChat 24/7 http://reku.id/livechat kami ya, atau bisa ke email cs@reku.id agar kendalanya dapat segera dibantu. Terima kasih.",2024-10-02 23:13:20,
4f5e9610-621b-48b3-96c6-30b74b7b5b60,Dewi Sartika,https://play-lh.googleusercontent.com/a-/ALV-UjWgOujDyHd-pYHglKv6YDzCnUDGs9FXwJ1XO0Qb8dXj_qoCsaT5,"Tampilan UI yg simple dan ga ribet dan jangan lupa isilah ..b, a, r, o, k, a, h.. Refvpral ini ketika awal daftar ya,, biar akunmu aktif ya, jadi mudah digunakan, bahkan untuk pemula sekali pun! Keamanan datanya juga oke, pilihan koinnya yg banyak serta biaya fee yg rendah, terus juga sama bonus-bonus dari event yg diadakin sama rekeningku! Ini appnya pokoknya bagus and recomend banget!! #KriptoAmanDiReku",4,0,4.1.07,2024-10-02 16:34:55,Hai Sobat Reku. Terima kasih sudah menggunakan aplikasi Reku ya. Kami senang mengetahui kamu memiliki pengalaman yang baik dalam menggunakan aplikasi Reku. Semoga hari kakak menyenangkan ya! ğŸ˜Š,2024-10-02 19:23:01,4.1.07
c38c3759-4d58-4df9-8fa1-7088b93d1b4a,ayunda mayasari,https://play-lh.googleusercontent.com/a/ACg8ocKQmNp5jiG3b2uVe-FBreEJFgES2oELJcfNIDoRAkUW8Q_kGg=mo,awesome,5,0,4.1.07,2024-10-02 06:34:50,Hai Sobat Reku. Terima kasih sudah menggunakan aplikasi Reku ya. Kami senang mengetahui kamu memiliki pengalaman yang baik dalam menggunakan aplikasi Reku. Semoga hari kakak menyenangkan ya! ğŸ˜Š,2024-10-02 06:40:09,4.1.07
c7ced6c2-4a78-44c9-9d26-374867f8044a,Marwansyah Manaqib Purba,https://play-lh.googleusercontent.com/a-/ALV-UjVlIHphPkQMXuZMV9hm7eVVx1gJqwhmRtNRiDTWuZo5G8t19JwS,Semoga bisa lebih baik lagi,5,0,4.1.06,2024-10-01 20:13:26,Hai Sobat Reku. Terima kasih sudah menggunakan aplikasi Reku ya. Kami senang mengetahui kamu memiliki pengalaman yang baik dalam menggunakan aplikasi Reku. Semoga hari kakak menyenangkan ya! ğŸ˜Š,2024-10-01 22:11:41,4.1.06
83bb4546-2213-4052-b9e6-3b5b0d88cf81,Mutiara Islam,https://play-lh.googleusercontent.com/a-/ALV-UjXfAJIt4UYlK36p6bA_65GVZWldmFxeb7yDFnSxKBs9BbP8oNc,"Reku memiki jaringan yang tidak benar! Saya menarik LTC dari bybit ke reku. Di bybit sudah dikonfirmasi sukses, tapi saat saya cek di Reku LTC tidak masuk sama sekali, padahal alamat wallet dan jaringan yang saya salin 100% benarğŸ‘",2,0,4.1.07,2024-10-01 16:39:57,"Hai Sobat Reku, Mohon maaf atas ketidaknyamanannya ya. Jika ada kendala bisa hubungi LiveChat 24/7 http://reku.id/livechat kami ya, atau bisa ke email cs@reku.id agar kendalanya dapat segera dibantu. Terima kasih.",2024-10-01 16:40:38,4.1.07
9fc69994-78e4-45f1-abfe-32f73dcb32c0,Haeludin Azka,https://play-lh.googleusercontent.com/a-/ALV-UjUiyOW4zDoxOb7BqIAMSJvnkwKdEzN23iUnRg0M4U4ED-j_Ybk,mudah di gunakan sebagai pemula,4,0,4.1.07,2024-09-30 20:16:05,Hai Sobat Reku. Terima kasih sudah menggunakan aplikasi Reku ya. Kami senang mengetahui kamu memiliki pengalaman yang baik dalam menggunakan aplikasi Reku. Semoga hari kakak menyenangkan ya! ğŸ˜Š,2024-09-30 23:07:04,4.1.07
b9ca473e-0247-406c-a7c2-2d1055d916dc,Mumu Hermawan,https://play-lh.googleusercontent.com/a/ACg8ocKFJUfdXuw4BItIuAgej1TUos8kpB2vCjvLN9zkb_zDGBIimA=mo,Ribet,1,0,4.1.07,2024-09-29 18:16:27,"Hai Sobat Reku, Mohon maaf atas ketidaknyamanannya ya. Jika ada kendala bisa hubungi LiveChat 24/7 http://reku.id/livechat kami ya, atau bisa ke email cs@reku.id agar kendalanya dapat segera dibantu. Terima kasih.",2024-09-30 02:26:16,4.1.07
02f09a7e-96cf-4b0e-9abc-d6e4047a1821,Riez,https://play-lh.googleusercontent.com/a-/ALV-UjVnGypOaenjo_x4PuWXouMbLPlNiPpwNKFRI33Hh8MGWrp7wKdt,"Mode Lite di bikin bisa limit order dong min, biar makin jossss",3,1,3.1.16,2024-09-29 12:20:47,"Hai Sobat Reku, Kita bantu infokan ya kalau kakak ingin menggunakan limit order maka kakak bisa pilih mode Pro ya. Jika ada kendala bisa hubungi LiveChat 24/7 http://reku.id/livechat kami ya, atau bisa ke email cs@reku.id agar kendalanya dapat segera dibantu. Terima kasih.",2024-09-29 13:13:17,3.1.16
a36476d4-a746-4071-8296-a6b99a9ebd58,MR. Jp,https://play-lh.googleusercontent.com/a-/ALV-UjUdaixCo9L0PaXBJK3Lv7dqOMmvtF0qhFXBWEKfNfjzhoP3n34,Sayang tidak suport lightining. Yg saya maksut trima kripto dengan mode lightining,1,0,4.1.07,2024-09-29 10:36:48,"Hai Sobat Reku, untuk transaksi jual beli dengan mode Lightning bisa langsung cek dari link berikut : https://reku.id/help/cara-melakukan-order-jual-beli-aset-kripto-di-mode-lightning ya. Jika ada kendala bisa hubungi LiveChat 24/7 http://reku.id/livechat kami ya, atau bisa ke email cs@reku.id agar kendalanya dapat segera dibantu. Terima kasih.",2024-09-29 11:12:09,4.1.07
c472b473-4331-4547-a12b-d113d4dc7c04,Al Muqoffa,https://play-lh.googleusercontent.com/a-/ALV-UjU6wS0OzWxpou467-e1Ak0WtHwiUcZyrGn-nmXJUJHxUaMtxRWH,"20240929 Belum ada preferensi saham AS syariah, tidak seperti Go Trade Indonesia",1,0,4.1.07,2024-09-29 07:10:30,"Hai Sobat Reku, Mohon maaf atas ketidaknyamanannya ya. Ditunggu aja kak, nanti jika ada update terbaru akan disampaikan melalui Pusat Informasi ya. Jika ada kendala bisa hubungi LiveChat 24/7 http://reku.id/livechat kami ya, atau bisa ke email cs@reku.id agar kendalanya dapat segera dibantu. Terima kasih.",2024-09-29 08:00:26,4.1.07
c9f1009a-4984-48e5-9c49-e06960e82cdb,dty sty,https://play-lh.googleusercontent.com/a-/ALV-UjWqCJUOruwfZlVXT5e_3yG57CclDyxwGKsuWEwW4gJqpmbwf-vu,"Kirim koin kesini dari wallet malah lenyap gara"" gak masukin memo ID padahal alamat dah bener",1,0,4.1.07,2024-09-28 15:40:35,"Hai Sobat Reku, Mohon maaf atas ketidaknyamanannya ya. Jika ada kendala bisa hubungi LiveChat 24/7 http://reku.id/livechat kami ya, atau bisa ke email cs@reku.id agar kendalanya dapat segera dibantu. Terima kasih.",2024-09-28 15:41:39,4.1.07
71c5230c-cdb9-4bea-83da-e84e742350d2,Saidi,https://play-lh.googleusercontent.com/a-/ALV-UjXaRvyof-IqlCeAWpV0eq_To6-7-fpQwebtPueeyHxGxPIjK7c,"pilihan aset makin banyak, fitur juga makin lengkap. top deh ğŸš€ ğŸŒ”",5,0,4.1.07,2024-09-27 20:05:39,Hai Sobat Reku. Terima kasih sudah menggunakan aplikasi Reku ya. Kami senang mengetahui kamu memiliki pengalaman yang baik dalam menggunakan aplikasi Reku. Semoga hari kakak menyenangkan ya! ğŸ˜Š,2024-09-28 00:14:39,4.1.07
6d040d2c-a0b4-4d48-9cda-929fd4f67df0,Yekti Nugroho,https://play-lh.googleusercontent.com/a-/ALV-UjUmsIjNMj0M6CZ8ROx8aoyoRtWa_i31fWF0_1dodP4xc00Ej1JD,menghibur dan bisa mendapatkan cuan,5,0,4.1.07,2024-09-27 19:13:19,Hai Sobat Reku. Terima kasih sudah menggunakan aplikasi Reku ya. Kami senang mengetahui kamu memiliki pengalaman yang baik dalam menggunakan aplikasi Reku. Semoga hari kakak menyenangkan ya! ğŸ˜Š,2024-09-28 00:14:31,4.1.07
d8c0d9a5-9ffa-417a-9973-18855679f7bb,MADARA PULSA,https://play-lh.googleusercontent.com/a-/ALV-UjVcdaqgqrA5cZI91WlTKCgy2erSdsU3Z91VZTy7DxBQlPLCJVzC,TOP UP E MALAH BANK SAMPOERNA,1,0,4.1.07,2024-09-27 12:55:31,"Hai Sobat Reku, Mohon maaf atas ketidaknyamanannya ya. Jika ada kendala bisa hubungi LiveChat 24/7 http://reku.id/livechat kami ya, atau bisa ke email cs@reku.id agar kendalanya dapat segera dibantu. Terima kasih.",2024-09-27 13:29:27,4.1.07
be9b6ce2-03e8-4e12-893b-0445430fb199,Diyah Ayu,https://play-lh.googleusercontent.com/a-/ALV-UjWP1bhST3jdSxueTdJymlD7NWFNvpEqDMNyu97YxRjAu4mCbSY7,"Tampilan UI yg simple dan ga ribet dan jangan lupa isilah b, a, r, o, k, a, h ini ketika awal daftar ya,, biar akunmu aktif ya, jadi mudah digunakan, bahkan untuk pemula sekali pun! Keamanan datanya juga oke, pilihan koinnya yg banyak serta biaya fee yg rendah, terus juga sama bonus-bonus dari event yg diadakin sama rekeningku! Ini appnya pokoknya bagus and recomend banget!! #KriptoAmanDiReku",3,0,4.1.07,2024-09-27 08:31:40,Hai Sobat Reku. Terima kasih sudah menggunakan aplikasi Reku ya. Kami senang mengetahui kamu memiliki pengalaman yang baik dalam menggunakan aplikasi Reku. Semoga hari kakak menyenangkan ya!,2024-09-27 09:59:18,4.1.07
972d7f10-6603-4530-a974-480b1cd1c4bd,Dennis Virgiawan,https://play-lh.googleusercontent.com/a/ACg8ocK-AXwTJlxd16UJhigpP1vKx0mtc1Cm02yZlzOaqyX9wiHoRw=mo,Fee trading mahal...,1,0,3.2.06,2024-09-27 06:45:09,"Hai Sobat Reku, Mohon maaf atas ketidaknyamanannya ya. Untuk informasi lengkap mengenai biaya transaksi di Reku, kakak bisa melihatnya melalui link berikut: https://reku.id/fees. Jika ada kendala bisa hubungi LiveChat 24/7 http://reku.id/livechat kami ya, atau bisa ke email cs@reku.id agar kendalanya dapat segera dibantu. Terima kasih.",2024-09-27 07:25:45,3.2.06
3dbf0b76-ced8-46b2-b727-fde20af7eb7e,Mohammad Nur Arifin,https://play-lh.googleusercontent.com/a-/ALV-UjVox9o5WmO6UbOsazr-vZ8DKLC1O5D36eq5ZGVA379VDu6mzCE,baik,5,0,3.2.07,2024-09-27 05:34:34,Hai Sobat Reku. Terima kasih sudah menggunakan aplikasi Reku ya. Kami senang mengetahui kamu memiliki pengalaman yang baik dalam menggunakan aplikasi Reku. Semoga hari kakak menyenangkan ya! ğŸ˜Š,2024-09-27 05:38:44,3.2.07
197022c1-1872-4ef0-8c51-78bed3c361b1,Tami,https://play-lh.googleusercontent.com/a/ACg8ocLVjkCbAbzAq9S-8xdfK1TutbI7j-ZpVH8tIDmxe2wqY7HaEg=mo,bagus,5,0,4.1.06,2024-09-26 23:07:58,Hai Sobat Reku. Terima kasih sudah menggunakan aplikasi Reku ya. Kami senang mengetahui kamu memiliki pengalaman yang baik dalam menggunakan aplikasi Reku. Semoga hari kakak menyenangkan ya! ğŸ˜Š,2024-09-26 23:34:25,4.1.06
ec606655-298b-40f5-b0d9-3f230bb011ff,Muhaila,https://play-lh.googleusercontent.com/a/ACg8ocJivj_xbWRsNtudx7DWiURLCCI65vgnXSSE_S0foWNs-jko5A=mo,Sayangnya gak bisa pake keamanan google autentikasi,5,0,4.1.07,2024-09-26 22:55:17,"Hai Sobat Reku. Terima kasih sudah menggunakan aplikasi Reku ya. Mengenai kode keamanan Authenticator, bisa diaktifkan ya kak. Untuk caranya bisa kakak baca langsung dari link berikut : https://www.reku.id/help/cara-mengaktifkan-2-factor-authentication kak. Semoga hari kakak menyenangkan ya! ğŸ˜Š",2024-09-26 23:35:41,4.1.07
f539984e-bbbd-4557-ae73-7e14f9ebd245,Marsa Listrik,https://play-lh.googleusercontent.com/a/ACg8ocITTOJwf8-4Bqzl9EmkYDEIXTFh3GNjiIKpyV7kGI2LWeR1=mo,OK,5,0,4.1.07,2024-09-26 12:45:20,"Hai Sobat Reku. Terima kasih sudah menggunakan aplikasi Reku ya. Kami senang mengetahui kamu memiliki pengalaman yang baik dalam menggunakan aplikasi Reku. Semoga hari kakak menyenangkan ya! ğŸ˜Š

",2024-09-26 15:34:01,4.1.07
063c7ff2-4654-4b3e-9e61-2e1e69591cd9,Liani Nurul,https://play-lh.googleusercontent.com/a/ACg8ocIffdwJqf7M2uf_szIdIZ2EcUnImVxVP0iT60mj6kKhUQrnWw=mo,giliran koin micin udah harga tinggi baru di tambahin ke list market. Kocak,1,0,,2024-09-26 05:00:56,"Hai Sobat Reku, Mohon maaf atas ketidaknyamanannya ya. kalau ada kendala bisa hubungi LiveChat 24/7 http://reku.id/livechat kami ya, atau bisa ke email cs@reku.id agar kendalanya dapat segera dibantu. Terima kasih.",2024-09-26 06:21:20,
636a837f-4537-48bb-aa89-b1cf0bea532a,Tguh 22,https://play-lh.googleusercontent.com/a/ACg8ocImVncX8U7B_MlbkV-llblSDRlUOSmkAJYWXHtyn-HfPh9Cpw=mo,Well,4,0,,2024-09-25 19:24:48,Hai Sobat Reku. Terima kasih sudah menggunakan aplikasi Reku ya. Kami senang mengetahui kamu memiliki pengalaman yang baik dalam menggunakan aplikasi Reku. Semoga hari kakak menyenangkan ya! ğŸ˜Š,2024-09-25 21:15:20,
a50fe987-9104-4808-a8bb-159ecc821c58,trader fx,https://play-lh.googleusercontent.com/a-/ALV-UjUlHutVffKtthxPnLaS6gL695rwm6prXE-k6BO7pS16vvNIIYiV,good,5,0,4.1.07,2024-09-25 16:48:42,Hai Sobat Reku. Terima kasih sudah menggunakan aplikasi Reku ya. Kami senang mengetahui kamu memiliki pengalaman yang baik dalam menggunakan aplikasi Reku. Semoga hari kakak menyenangkan ya! ğŸ˜Š,2024-09-25 21:15:13,4.1.07
6203ef40-2656-41ed-8b96-0f3f4983a022,albert latuhihin,https://play-lh.googleusercontent.com/a-/ALV-UjVnYitsWuv9SXg04s71LeOe9tsmyteNXYYbd1DKsk0FuLn80YkM,"JANGAN PAKE REKU,BANYAK NIPU NYA",1,0,4.1.07,2024-09-25 12:24:39,"Hai Sobat Reku, Mohon maaf atas ketidaknyamanannya ya. Perlu kita infokan bahwa Reku sudah terdaftar dan diawasi oleh BAPPEBTI dan juga KOMINFO, jadi aplikasi Reku terbukti terpercaya ya. Kalau ada kendala bisa hubungi LiveChat 24/7 http://reku.id/livechat ya, atau bisa kirim email ke cs@reku.id agar kendalanya dapat segera dibantu. Terima kasih.

",2024-09-25 12:43:17,4.1.07
8bb42ad4-fda0-4649-945f-0b0324e5ff91,AGUNG wahyulianto,https://play-lh.googleusercontent.com/a/ACg8ocJpgRONqchkXwORJo3BAcGijzOaLGnOML3ZY8TooizoDQKqPw=mo,aplikasi sangat membantu ğŸ‘Œ,5,0,4.1.06,2024-09-23 21:42:14,Hai Sobat Reku. Terima kasih sudah menggunakan aplikasi Reku ya. Kami senang mengetahui kamu memiliki pengalaman yang baik dalam menggunakan aplikasi Reku. Semoga hari kakak menyenangkan ya! ğŸ˜Š,2024-09-23 21:55:18,4.1.06
9c407c09-08e4-4347-a624-8649ac9e70c8,Niss One,https://play-lh.googleusercontent.com/a/ACg8ocI0gfdvCWa-zCFpx2AAnT3BuhZ26-zxopigVsvRvbOixYmmzw=mo,"Udah UPDATE JADI LEMOOOT, KAYA KEONG,KURAÂ²,LOADING, PENTIUM 1,",1,0,,2024-09-23 08:59:31,"Hai Sobat Reku, Mohon maaf atas ketidaknyamanannya ya. kalau ada kendala bisa hubungi LiveChat 24/7 http://reku.id/livechat kami ya, atau bisa ke email cs@reku.id agar kendalanya dapat segera dibantu. Terima kasih.",2024-09-23 09:11:46,
0b8e6066-1312-403a-87cc-c3de2361d015,engkong Joni,https://play-lh.googleusercontent.com/a/ACg8ocKdLEe45F0sfTaGiFD7lE9NZPUGQo2fz2jPkHbnVYuateOV4w=mo,aplikasi yg sangat bagus untuk menyimpan crypto,5,0,4.1.06,2024-09-23 08:37:19,Hai Sobat Reku. Terima kasih sudah menggunakan aplikasi Reku ya. Kami senang mengetahui kamu memiliki pengalaman yang baik dalam menggunakan aplikasi Reku. Semoga hari kakak menyenangkan ya! ğŸ˜Š,2024-09-23 08:50:21,4.1.06
203d3ae2-389c-443a-807f-8e7d91e96281,Syamsul Ali,https://play-lh.googleusercontent.com/a-/ALV-UjVKYjEPX6sYQBw4zFVQ9dzobEU0AAPD6zPSzBTRdXLnet-g3ihK,Cukup memuaskan ğŸ‘,5,0,4.1.06,2024-09-23 07:07:01,Hai Sobat Reku. Terima kasih sudah menggunakan aplikasi Reku ya. Kami senang mengetahui kamu memiliki pengalaman yang baik dalam menggunakan aplikasi Reku. Semoga hari kakak menyenangkan ya! ğŸ˜Š,2024-09-23 07:08:22,4.1.06
7bd88fba-3249-4bd7-ae72-b1745ec06ac6,Arif0808,https://play-lh.googleusercontent.com/a/ACg8ocI-M6lsIdScny-K4TINsx8HRgMJWSvT0IUK7FhP6HtF98RLmA=mo,ok,5,0,4.1.06,2024-09-22 14:43:50,Hai Sobat Reku. Terima kasih sudah menggunakan aplikasi Reku ya. Kami senang mengetahui kamu memiliki pengalaman yang baik dalam menggunakan aplikasi Reku. Semoga hari kakak menyenangkan ya! ğŸ˜Š,2024-09-22 15:44:50,4.1.06
64b03501-5077-4fed-b5ce-c809c5dad903,Bisan Kipa,https://play-lh.googleusercontent.com/a-/ALV-UjUwB4DMQdRNLLR7umZmTbxCcUCxOypPr-0DqNSjFYowjk2L_hkM,So far..so good.ThanksğŸ™,5,0,,2024-09-22 13:10:16,Hai Sobat Reku. Terima kasih sudah menggunakan aplikasi Reku ya. Kami senang mengetahui kamu memiliki pengalaman yang baik dalam menggunakan aplikasi Reku. Semoga hari kakak menyenangkan ya! ğŸ˜Š,2024-09-22 14:28:42,
5a172267-7961-4817-98b2-8b522353952e,Ketut Astawa,https://play-lh.googleusercontent.com/a/ACg8ocKiq1-lLy7wnjCO0f4qoeKRuiaPLpV2qjsxmjHhl0ntBN0H5g=mo,belum dapet keuntungan sih dari apk iniğŸ˜­,2,0,,2024-09-22 05:38:41,"Halo Sobat Reku, kami bantu infokan pergerakan harga Aset Kripto sangat fluktuatif, harga nya bisa berubah secara signifikan. Pergerakan harga Aset Kripto dipengaruhi oleh banyak faktor yang dapat kakak gali informasinya melalui https://reku.id/analysis atau media informasi lainnya.Jika ada pertanyaan bisa hubungi kami di Livechat ya.",2024-09-22 07:07:37,
d494f631-4c8a-4301-8714-b039c5eac5d5,Anarki,https://play-lh.googleusercontent.com/a-/ALV-UjXTqO1JeOF8HNIW9yX3I4oC1ksNzbhMIBYcvQp64Usj_DniRDAN,Saya sebagai pengguna aktif reku sangat senang dengan aplikasi ini terutama dari fee yang tidak terlalu mahal dan minimal depo yang cukup terjangkau sangat membantu saya sebagai pemula yang coba2. Kalau bisa tambahkan investasi Emas,5,1,4.1.06,2024-09-22 03:18:54,Hai Sobat Reku. Terima kasih sudah menggunakan aplikasi Reku ya. Kami senang mengetahui kamu memiliki pengalaman yang baik dalam menggunakan aplikasi Reku. Semoga hari kakak menyenangkan ya! ğŸ˜Š,2024-09-22 07:01:35,4.1.06
15fd90b4-1ee8-41d0-a217-a702a20e8149,Avenger Nata,https://play-lh.googleusercontent.com/a-/ALV-UjUKZgw9kh-HN37vaKpP-x6W4cUKlLj9figi6XsSVmg8WHO2-Rg,"Wahhh menyala reku. Akhirnya penantian yg lama ditungguÂ² ini inovasi yg luar biasa, apalagi bagi pemula yg berkeinginan utk belajar mengasah skill dalam investment. Makasih ya buat CEO -Co Founder dan tim support sukses selalu. Harapan kedepannya ya semoga ada project seperti mainnet dari reku nya, kayak yg lainnya gitu heheheee",5,3,4.1.06,2024-09-21 16:09:12,Hai Sobat Reku. Terima kasih sudah menggunakan aplikasi Reku ya. Kami senang mengetahui kamu memiliki pengalaman yang baik dalam menggunakan aplikasi Reku. Semoga hari kakak menyenangkan ya! ğŸ˜Š,2024-09-21 16:44:11,4.1.06
9b0d8ae5-dc24-4df2-8b6c-a4bcff99cc46,Yogi Prasetia,https://play-lh.googleusercontent.com/a/ACg8ocLWa7y35-xufp52RbwYRcjvFG95QBJ1OdnKvyN5odEOllNIxQ=mo,Seharusnya saya tidak memilih apk ini saya sungguh kecewa,1,1,,2024-09-21 09:06:21,"Hai Sobat Reku, Mohon maaf atas ketidaknyamanannya ya. kalau ada kendala bisa hubungi LiveChat 24/7 http://reku.id/livechat kami ya, atau bisa ke email cs@reku.id agar kendalanya dapat segera dibantu.",2024-09-21 09:23:44,
352e3a2f-71c8-4d17-8a25-310fd16360f2,Restu Sukmara,https://play-lh.googleusercontent.com/a-/ALV-UjXpbpv6eGwyiOXarV3b45A90qv3C_vQe6zU5O_zja_xjvzKkfUv,"lumayan dikit"" belajar nabung crypto, yg blm punya ref nih @restusukmara terimakasih",5,0,4.1.06,2024-09-20 18:20:34,Hai Sobat Reku. Terima kasih sudah menggunakan aplikasi Reku ya. Kami senang mengetahui kamu memiliki pengalaman yang baik dalam menggunakan aplikasi Reku. Semoga hari kakak menyenangkan ya! ğŸ˜Š,2024-09-20 22:59:28,4.1.06
c69ed3a5-bd7f-4966-b6c3-1af8d2245193,Isrok Samsuri,https://play-lh.googleusercontent.com/a-/ALV-UjVdwNKJWnjKcpK8DXp4z10KK_GFumI7JlZzMa2rwnUg3BI3zDRe,2 di dalam aplikasinya ada kendala pas mau minta bantuan sama admin tidak bisa chat admin tertutup,3,1,3.2.07,2024-09-20 15:52:01,"Hai Sobat Reku. Mohon maaf atas ketidaknyamanannya ya. Perlu kita infokan kalau layanan Livechat Reku melayani 24 jam ya kak, jadi bias dihubungi kapan saja, dan kita akan dengan senang hati membantu kakak ya. Layanan Livechat nya bisa diakses lewat link ini reku.id/livechat kak. Semoga sehat selalu ya kak.",2024-09-20 15:57:44,3.2.07
8a4588de-0724-4f52-8222-718e604467dd,tuzli ramadona,https://play-lh.googleusercontent.com/a/ACg8ocLeAayA5Th7WwvSIy7h6GwbasO-NlVluZLCJbEEr71s6k0pOQ=mo,sangat bagus,5,0,3.2.07,2024-09-20 10:50:26,"Hai Sobat Reku. Terima kasih sudah menggunakan aplikasi Reku ya. Kami senang mengetahui kamu memiliki pengalaman yang baik dalam menggunakan aplikasi Reku. Semoga hari kakak menyenangkan ya! ğŸ˜Š

",2024-09-20 11:19:05,3.2.07
80e2dcfd-e8a2-449a-bd9b-a25ad232aaee,agil syekh,https://play-lh.googleusercontent.com/a-/ALV-UjWRJGu9_TM1gE3kRw2rznP6dr9aDZkQoAYebuj9-pWvM_06Zrw,Reku tolong update supaya bisa Terima dogs coin,5,0,3.2.07,2024-09-20 08:48:46,"Hai Sobat Reku. Terima kasih atas sarannya ya, pantau terus Pusat Informasi dan Social Media Reku supaya ngga ketinggalan informasi terbaru terkait pembaruan pada aplikasi Reku. Kami senang mengetahui kamu memiliki pengalaman yang baik dalam menggunakan aplikasi Reku. Semoga hari kakak menyenangkan ya!ğŸ˜Š",2024-09-20 08:57:36,3.2.07
69837cde-2ba5-431a-bdaf-26342749f92d,Nofri Imansyah,https://play-lh.googleusercontent.com/a/ACg8ocIIKIkYPLkubyqPQZ1WtRvkrgylun5l-Kyw4Pad0yqaaFNpwg=mo,Ini kek app sebelah gak yah ? Banyak potongan tersembunyi?,4,0,4.1.06,2024-09-19 20:30:42,"Hai Sobat Reku, terima kasih sudah menggunakan Aplikasi Reku. Kita bantu infokan mengenai biaya transaksi di Reku bisa kakak akses melalui link berikut: https://reku.id/fees. Kalau ada hal lain yang bisa kami bantu silahkan hubungi kami di layanan Live Chat 24/7 kami di http://reku.id/livechat atau email ke cs@reku.id.",2024-09-19 21:02:23,4.1.06
a8843f49-3272-442d-925f-b14403339fbb,Hengki wibowo,https://play-lh.googleusercontent.com/a-/ALV-UjXJhclkKPULyhEqcQzzLJLjKT8o5n40mYqs0Xr2W38dfZE5xVc,"invest...aman... penarikan dan depo,...lancar .tidak kena hack,...untuk saat ini... sukses slalu Reku...ğŸ‘ğŸ‘ğŸ‘",5,0,4.1.06,2024-09-19 13:34:06,"Hai Sobat Reku. Terima kasih sudah menggunakan aplikasi dan layanan Reku. Kami senang mengetahui kamu memiliki pengalaman yang baik dalam menggunakan aplikasi Reku. Semoga hari kakak menyenangkan ya!ğŸ˜Š

",2024-09-19 15:54:12,4.1.06
739dfdd7-d2f6-4595-9fa3-3ccfa3d497ee,Hildan Sidik,https://play-lh.googleusercontent.com/a-/ALV-UjVoam6uwiA9xOMoWzr4TEkdSbCl2yD_wTsd_NkYmfJkl9FroQ,"Karena kadang suka gak bisa login/nge blank, maaf dikuranginğŸ™ğŸ™ğŸ™ @hildan14",3,1,4.1.06,2024-09-19 11:55:19,"Hai Sobat Reku. Mohon maaf atas ketidaknyamanannya. Pastikan kakak tidak mengaktifkan VPN saat login ya, dan jika memang terkendala kakak bisa hubungi kita lewat layanan Livechat supaya Customer Success Reku bisa segera membantu kakak. Terima kasih sudah menggunakan Reku kak.",2024-09-19 12:32:32,4.1.06
9118f23a-0ece-4c15-8727-062883809a9e,Love Me,https://play-lh.googleusercontent.com/a-/ALV-UjVkI3JMzd7MVB_UClG_LyR4boU67kySRM_60f20zvZ6BWKOhao,ini baru mantap ğŸ‘,5,0,,2024-09-19 01:06:49,"Hai Sobat Reku, Terima kasih sudah menggunakan aplikasi dan layanan Reku. Terima kasih untuk saran dan masukannya, akan segera kita sampaikan ke tim terkait ya. Semoga hari kamu menyenangkan.",2024-09-19 01:34:28,
ba8ee26c-347b-44df-97e5-44ae0cc4593d,Rizki,https://play-lh.googleusercontent.com/a/ACg8ocI_uE0qk6PTozyJk1Kh3OnYku2k4mNTJZktWedBFKitYOr2fw=mo,muhammad rizki nurfaroz,5,0,3.2.07,2024-09-18 21:19:15,"Hai Sobat Reku, Terima kasih sudah menggunakan aplikasi dan layanan Reku. Terima kasih untuk saran dan masukannya, akan segera kita sampaikan ke tim terkait ya. Semoga hari kamu menyenangkan.",2024-09-18 21:46:39,3.2.07
3daa8a16-6fd5-42f4-8e72-5bac07ebfdb0,0001 Andi Laksono,https://play-lh.googleusercontent.com/a-/ALV-UjXLGsCU-waxl3lsNpPpsL_-6CFnwuk-3FLS0OLAyo544e3b008S,Min. di menu favorit shortby nya belum ada.,5,0,4.1.06,2024-09-18 05:59:43,"Hai Sobat Reku, Terima kasih sudah menggunakan aplikasi dan layanan Reku. Terima kasih untuk saran dan masukannya, akan segera kita sampaikan ke tim terkait ya. Semoga hari kamu menyenangkan.",2024-09-18 06:37:15,4.1.06
f5ba0253-1777-4b53-a5c3-6b2f1c41d9a0,Teplok Thole,https://play-lh.googleusercontent.com/a-/ALV-UjULtyny6CIxR9kryrFwQFpwC5pT7uGOsuW69su8U-8qKYYBa-W4,"Bagus,ui sederhana mudah dipahami oleh pemula.....saran mohon tambahkan fitur switch antar token cripto jd tidak perlu jual ke idr dulu",4,1,4.1.06,2024-09-17 19:13:42,"Hai Sobat Reku, terima kasih atas feedback atau saran yang diberikan ya. Hal tersebut akan kita sampaikan ke tim terkait untuk update kedepannya ya. Kalau ada hal lain yang bisa kami bantu silahkan hubungi kami di layanan Live Chat 24/7 kami di http://reku.id/livechat atau email ke cs@reku.id.",2024-09-17 19:43:22,4.1.06
f1be2b0b-017c-4176-8cc3-7567663d6902,Gogio Ok1,https://play-lh.googleusercontent.com/a-/ALV-UjXg3KXA06DvScoQLhvdxerMBRhCeQWi_yjAb2nMvztW7qXewGM,"Dari awal bikin akun mpe saat ini(selama postingan ga dihapus )..Saya gak pernah kasi ijin/kuasa ke siapa pun ,Akun ini dibuat ya buat saya sendiri",3,0,3.2.07,2024-09-16 18:34:53,"Hai Sobat Reku, kalau ada kendala bisa hubungi LiveChat 24/7 http://reku.id/livechat kami ya, atau bisa ke email cs@reku.id agar kendalanya dapat segera dibantu.",2024-09-16 21:12:21,3.2.07
ccdade40-2f57-4194-85d4-e02093d34d96,Gian Nanda,https://play-lh.googleusercontent.com/a-/ALV-UjV8l4IqqyaP-Aa6uWh8mZD3gNLsfmCZnRQvvEMv40Zre6Yxq7vP,Gokil next tambahin Reksadana dan emas min,5,0,4.1.06,2024-09-16 15:34:51,"Hai Sobat Reku! Terima kasih atas feedback yang diberikan ya, Reku akan selalu meningkatkan fitur-fitur dan pelayanan untuk seluruh pengguna. Kami senang mengetahui kamu memiliki pengalaman yang baik dalam menggunakan aplikasi Reku. Semoga hari kakak menyenangkan ya!ğŸ˜Š",2024-09-16 16:32:44,4.1.06
b0b0b901-7908-462a-9ca8-66010c345b42,Diana Sari,https://play-lh.googleusercontent.com/a-/ALV-UjWCfhTatHfF9uAb1BLHu6S8OEn1n0NekUbL01m2JhKSB1oC5vs,"sudah mantap, dan tolong jangan terlalu banyak mengambil keuntungan dalam fee jual beli pengguna Reku",5,0,4.1.06,2024-09-16 13:24:50,Hai Sobat Reku. Terima kasih sudah menggunakan aplikasi dan layanan Reku. Kami senang mengetahui kamu memiliki pengalaman yang baik dalam menggunakan aplikasi Reku. Semoga hari kakak menyenangkan ya!ğŸ˜Š,2024-09-16 14:35:28,4.1.06
d1371cf1-da3d-4bbd-b9aa-cf8140d112af,Aji Sushandoyo Aeliyu,https://play-lh.googleusercontent.com/a/ACg8ocLQhDldCh8XPHwe8B39M0TEk-3tC-56-WqvtmBRRKc94Ur5hg=mo,Sangat membantu bagi yang menggunakan,5,0,,2024-09-16 10:22:44,Hai Sobat Reku. Terima kasih sudah menggunakan aplikasi dan layanan Reku. Kami senang mengetahui kamu memiliki pengalaman yang baik dalam menggunakan aplikasi Reku. Semoga hari kakak menyenangkan ya!ğŸ˜Š,2024-09-16 12:17:05,
333c9460-45ed-49fb-96e6-e2f4f647fb6f,Malai Kat,https://play-lh.googleusercontent.com/a/ACg8ocL5uvdaB5dGvnxWbsBzEo1CsKbXrwWx8s2B7ebdSyeD7nwCgQ=mo,baik,5,0,3.2.07,2024-09-16 03:37:15,Hai Sobat Reku. Terima kasih sudah menggunakan aplikasi dan layanan Reku. Kami senang mengetahui kamu memiliki pengalaman yang baik dalam menggunakan aplikasi Reku dan terima kasih atas saran nya akan kami sampaikan ke tim terkait kami untuk jadi bahan pertimbangan ya kak.. Semoga hari kakak menyenangkan ya!ğŸ˜Š,2024-09-16 07:03:27,3.2.07
a8489668-feb7-4267-9e5e-fa4aa0c803da,Jaspher Owen,https://play-lh.googleusercontent.com/a-/ALV-UjVRWcsXFObcStQ4T6lw_4hta2N_2vIGVUEKRM80rT_OS0eX4rut,"Overall appnya bagus ya Smua lancar Cs jg cpt responnya,feenya standart sesuai dgn app yg mudah dimengerti pemula, Sayangnya tampilan setelah update jadi kurang bagus sebelum ad update Saham As tampilan wallet kita keren bgt dan setelah update jadi kaku bgt tampilannya ga smooth spt dulu. Tapi tampilannya msh lebih baik dibanding apk lain. Saran saya kembalikan sj model ke tampilan lama lebih unik utk reku.",5,9,4.1.06,2024-09-15 23:39:52,Hai Sobat Reku. Terima kasih sudah menggunakan aplikasi dan layanan Reku. Kami senang mengetahui kamu memiliki pengalaman yang baik dalam menggunakan aplikasi Reku dan terima kasih atas saran nya akan kami sampaikan ke tim terkait kami untuk jadi bahan pertimbangan ya kak.. Semoga hari kakak menyenangkan ya!ğŸ˜Š,2024-09-15 23:56:57,4.1.06
696b32b5-88ad-4f6f-ae67-ac90305f251d,afoy anakmami,https://play-lh.googleusercontent.com/a/ACg8ocKZf0iXMcNOqJxVCBWqsh20FtTr43Qy0QVWDXrpJT4YBtfyDQ=mo,Aplikasi yang sangat bagus. Mudah dan adminya fas respon,5,0,4.1.06,2024-09-15 19:26:31,Hai Sobat Reku. Terima kasih sudah menggunakan aplikasi dan layanan Reku. Kami senang mengetahui kamu memiliki pengalaman yang baik dalam menggunakan aplikasi Reku. Semoga hari kakak menyenangkan ya!ğŸ˜Š,2024-09-15 20:40:11,4.1.06
0c4f6cb0-9c44-44aa-b02d-2457969581e9,Bunga Sukses,https://play-lh.googleusercontent.com/a/ACg8ocJ6HkxoS3rqORUCtGUlBGzVumWandwYqPzsOrFzB85WV1-N3A=mo,Jaringan ton knpa tidak bisa digunakan Sya sudah bli mau kitim tidak bisa,3,0,3.2.07,2024-09-15 13:35:34,"Hai Sobat Reku, Saat ini sedang disable sementara untuk kirim Aset Kripto TON dan kakak bisa juga cek secara berkala pada halaman transaksi withdraw Aset Kripto TON yang ada di akun Reku kakak ya. hubungi layanan LiveChat 24/7 http://reku.id/livechat kami ya jika ada pertanyaan lain agar bisa kita bantu. Terima kasih.",2024-09-15 13:49:16,3.2.07
a6184384-1751-4170-ac84-518b60b5cddc,Danardono Hersusanto,https://play-lh.googleusercontent.com/a/ACg8ocJuN8gkr_hyGKtyvYSVQeoHtzl8hFkW0Ek-VhcrCbTKzHpIVg=mo,ribet amat mau ganti nomor aja,1,0,,2024-09-14 11:45:40,"Hai Sobat Reku, mohon maaf atas ketidaknyamanannya ya. Untuk cara lakukan reset nomor handphone kakak bisa akses link ini : https://www.reku.id/help/cara-mereset-nomor-handphone atau bisa hubungi layanan LiveChat 24/7 http://reku.id/livechat kami ya jika ada pertanyaan lain agar bisa kita bantu. Terima kasih.",2024-09-14 12:00:55,
fcd259fa-5c2e-4544-aa40-e461510ef1a0,Nur Mustaqim,https://play-lh.googleusercontent.com/a/ACg8ocJ6dANaWfbDgQ4ec6HReJGB4gmgVRx-_Tl8lGE_zaWg3h8m=mo,bagus,5,0,,2024-09-14 10:58:15,Hai Sobat Reku. Terima kasih sudah menggunakan aplikasi dan layanan Reku. Kami senang mengetahui kamu memiliki pengalaman yang baik dalam menggunakan aplikasi Reku. Semoga hari kakak menyenangkan ya!ğŸ˜Š,2024-09-14 11:09:02,
471bd3ee-8dd1-4e9d-84f6-17ab2176c93e,Amirul Jihadi Hanif,https://play-lh.googleusercontent.com/a-/ALV-UjVoDBfuH61AwpMler6aIZ_3I7qbQmqcjjnL4Rci2JAR3ni1pQhT0A,Aplikasi platform untuk kripto terbaik dan keren serta Fungsional ğŸ˜ŠğŸ‘ğŸ‘ğŸ‘,5,0,3.2.07,2024-09-14 09:56:37,Hai Sobat Reku. Terima kasih sudah menggunakan aplikasi dan layanan Reku. Kami senang mengetahui kamu memiliki pengalaman yang baik dalam menggunakan aplikasi Reku. Semoga hari kakak menyenangkan ya!ğŸ˜Š,2024-09-14 11:09:00,3.2.07
e313ca09-983f-4598-9d3e-2f4362598e42,Danz 24,https://play-lh.googleusercontent.com/a-/ALV-UjWuMb8CURnsnwqPJK0rJ2idFFTaSHLh_2lm4N58FqstpVRDsys_,"Aplikasi nya mantap, mudah ,dan jelas aman. Semoga terus berkembang lagiğŸ˜",5,0,3.2.07,2024-09-13 19:55:13,Hai Sobat Reku. Terima kasih sudah menggunakan aplikasi dan layanan Reku. Kami senang mengetahui kamu memiliki pengalaman yang baik dalam menggunakan aplikasi Reku. Semoga hari kakak menyenangkan ya!ğŸ˜Š,2024-09-13 20:17:57,3.2.07
ef8ceded-c77b-4329-b951-1d0506498622,Menor Hipong,https://play-lh.googleusercontent.com/a-/ALV-UjV_fKDvfmfefpstI85EjTajSak0WfGakPMchU2YrGkMqzwNhQ,REKU JAYAAğŸ”¥,5,0,,2024-09-13 19:28:58,Hai Sobat Reku. Terima kasih sudah menggunakan aplikasi dan layanan Reku. Kami senang mengetahui kamu memiliki pengalaman yang baik dalam menggunakan aplikasi Reku. Semoga hari kakak menyenangkan ya!ğŸ˜Š,2024-09-13 20:17:54,
200ca8fe-755e-40ce-92cb-f1e6a9d56ab4,Sepatu Kaca,https://play-lh.googleusercontent.com/a-/ALV-UjVF6fWdXl5u2p8XxFteFBiGz1MjEyPHeiymkEtsMD2JNnUGJ2g,Bravo Reku.. Semoga lebih banyak fitur menarik dan ramah di koneksi..,5,0,4.1.06,2024-09-13 14:43:14,Hai Sobat Reku. Terima kasih sudah menggunakan aplikasi dan layanan Reku. Kami senang mengetahui kamu memiliki pengalaman yang baik dalam menggunakan aplikasi Reku. Semoga hari kakak menyenangkan ya!ğŸ˜Š,2024-09-13 15:11:36,4.1.06
5b10fa41-99ea-4459-b28d-1e16c89bc41c,Banjar Dp,https://play-lh.googleusercontent.com/a-/ALV-UjU27WMFaFU4Pd9yaTakd-NCM4XSiPR2rK5a-LvAoPc1VaGekYw,"kalo emang cm bs 2 alamat wallet, alamat lain gausah dimasukin alasanya cm mendukung trc sm erc tapi alamat wallet dimasukin dikoin, emang mau menjebak orang biar salah, saran gw gausah pake app ini mending binance atau aplikasi lain yg waras, bukti transaksi semua ada gw tapi cs bilang duitnya ilang karna alamat walletny yg kekoin langsung gabisa cm erc sama trc, fee juga ga ngotak gede intinya bermasalah",1,2,3.2.07,2024-09-13 13:39:08,"Hai Sobat Reku, mohon maaf atas ketidaknyamanannya ya. Melakukan Deposit Coin ke Reku pastikan menggunakan alamat wallet dan jaringan yang sesuai supaya tidak berkendala ya. Bisa hubungi layanan LiveChat 24/7 http://reku.id/livechat kami ya jika ada pertanyaan, atau bisa ke email cs@reku.id agar bisa kita bantu informasikan. Terima kasih.",2024-09-13 13:57:37,3.2.07
17c27dd3-6674-4133-9b66-bf47a05ce2cb,Dicki Lesmana,https://play-lh.googleusercontent.com/a-/ALV-UjWqAz9IrAxeclSAlf0LV85hCmwtr-rrDF9nXL-WbNzDh_H8Pi6q,Suka,5,0,3.2.07,2024-09-13 08:27:20,Hai Sobat Reku. Terima kasih sudah menggunakan aplikasi dan layanan Reku. Kami senang mengetahui kamu memiliki pengalaman yang baik dalam menggunakan aplikasi Reku. Semoga hari kakak menyenangkan ya!ğŸ˜Š,2024-09-13 09:19:52,3.2.07
7360bed7-a506-423f-a536-1dbcea737e2d,Randy Gunawan,https://play-lh.googleusercontent.com/a/ACg8ocJHXoLHAB7_ICqYYElJWg96y1WNgL-nRfJ2evskAqEYePyaiA=mo,baik,5,0,3.2.07,2024-09-13 00:06:05,Hai Sobat Reku. Terima kasih sudah menggunakan aplikasi dan layanan Reku. Kami senang mengetahui kamu memiliki pengalaman yang baik dalam menggunakan aplikasi Reku. Semoga hari kakak menyenangkan ya!ğŸ˜Š,2024-09-13 00:25:02,3.2.07
c090a101-5ac7-426e-8d33-20133becce21,Ying Ying,https://play-lh.googleusercontent.com/a/ACg8ocIsAwmvGqjaQa0RiM7wCKjNycATfBgBHXrAFajxBactNS3-3w=mo,Kenapa jadi jelek? Masa pasang alarm nya bisa2nya ga bunyi tp ada berita masuk dia bisa bunyi ckck,2,0,4.1.06,2024-09-12 16:20:47,"Hai Sobat Reku! Terima kasih sudah menggunakan Reku. Jika kakak ada pertanyaan atau kendala, bisa hubungi layanan LiveChat kami atau email ke cs@reku.id ya supaya Customer Success Reku bisa segera membantu.",2024-09-12 18:10:14,4.1.06
8825885f-f0a6-4931-934b-3ef497a1380e,Rahmat pro,https://play-lh.googleusercontent.com/a-/ALV-UjXstgLFtwvh76cM3CSnKucwIzyozNaQR2WMHkgwAb7hS3XBEI8,mantap...,5,0,3.2.07,2024-09-12 12:01:45,"Hai Sobat Reku. Terima kasih sudah menggunakan aplikasi dan layanan Reku. Kami senang mengetahui kamu memiliki pengalaman yang baik dalam menggunakan aplikasi Reku. Semoga hari kakak menyenangkan ya!ğŸ˜Š

",2024-09-12 12:09:51,3.2.07
1d9d6b92-057a-4df1-a0db-fed172db2467,Sela ananda,https://play-lh.googleusercontent.com/a/ACg8ocKDHq2Pv7wnPSo6kz7drSOqeA6XnYHe3A3VPxBT3UHuJo3U0A=mo,Live chat nya g kebuka parah enak yg dulu pass respon sekarang agak sulit,3,0,,2024-09-11 23:14:01,"Hai Sobat Reku, mohon maaf atas ketidaknyamanan nya. Kakak bisa menghubungi Customer Success Reku melalui DM Instagram atau Facebook juga ya selain LiveChat Reku. Bisa juga kirim pertanyaan kakak melalui Email ke cs@reku.id kak.",2024-09-11 23:41:21,
d08d6c15-27b0-46b3-ba72-62ed4fd49f55,Mulyadi Mulyadi,https://play-lh.googleusercontent.com/a-/ALV-UjX6hZ6W47DvjsARmEmBWSs_-GJtGvDekEi-MbvDqoNKKJjLEdzs,good,5,0,3.2.07,2024-09-11 16:05:57,Hai Sobat Reku. Terima kasih sudah menggunakan aplikasi dan layanan Reku. Kami senang mengetahui kamu memiliki pengalaman yang baik dalam menggunakan aplikasi Reku. Semoga hari kakak menyenangkan ya!ğŸ˜Š,2024-09-11 21:07:40,3.2.07
449ee4d9-3f63-4377-bda4-7b5848efae84,BLACK Funbel77,https://play-lh.googleusercontent.com/a-/ALV-UjVKoJj1rgjDKtzfywBg4CQ0wrMrLqYnRxWpmlzbksiv_maMgTY,bagus,5,0,3.2.07,2024-09-11 07:25:53,Hai Sobat Reku. Terima kasih sudah menggunakan aplikasi dan layanan Reku. Kami senang mengetahui kamu memiliki pengalaman yang baik dalam menggunakan aplikasi Reku. Semoga hari kakak menyenangkan ya!ğŸ˜Š,2024-09-11 08:15:26,3.2.07
6782d56a-6b07-4db2-a0f0-8afabaaea678,Husen Ramdani,https://play-lh.googleusercontent.com/a/ACg8ocJbAWgCGxKlbL1wkBV9BU9GECp8Vx7lb0J0qwvWFVHDkfaJrw=mo,cukup baik semoga bisa menaikan per ekonomian bagi pengguna,5,0,3.2.07,2024-09-10 12:57:40,Hai Sobat Reku. Terima kasih sudah menggunakan aplikasi dan layanan Reku. Kami senang mengetahui kamu memiliki pengalaman yang baik dalam menggunakan aplikasi Reku. Semoga hari kakak menyenangkan ya!ğŸ˜Š,2024-09-10 14:31:31,3.2.07
4bcc7996-31fb-4660-a943-0aa7faa83e79,Apih Gopih,https://play-lh.googleusercontent.com/a-/ALV-UjX0AlgAxfwB9wk7WVSKtkH4jURp27kVj4WJnwl3foS8E177ul0Y,keren,5,0,3.2.07,2024-09-09 22:27:03,Hai Sobat Reku. Terima kasih sudah menggunakan aplikasi dan layanan Reku. Kami senang mengetahui kamu memiliki pengalaman yang baik dalam menggunakan aplikasi Reku. Semoga hari kakak menyenangkan ya!ğŸ˜Š,2024-09-09 23:54:05,3.2.07
29a606d4-4f7b-479d-9425-2e5e4c3357dc,Rio Vinardus,https://play-lh.googleusercontent.com/a-/ALV-UjV8Y67KYPyziOiPyD-s0165LfzpChW8G2x2ELG7s35xdGQ7SEw,good,5,0,3.2.07,2024-09-09 00:05:13,Hai Sobat Reku. Terima kasih sudah menggunakan aplikasi dan layanan Reku. Kami senang mengetahui kamu memiliki pengalaman yang baik dalam menggunakan aplikasi Reku. Semoga hari kakak menyenangkan ya!ğŸ˜Š,2024-09-09 00:26:53,3.2.07
9cc533f9-0bf5-402d-96bd-ac40087f591b,Bani Hasibuan,https://play-lh.googleusercontent.com/a/ACg8ocKjKIZtY6rOaS24O9KjbUB-U3G_R5mv10AqMNE7uW0aDjLvgQ=mo,Sangat bagus,5,0,3.2.07,2024-09-08 22:26:29,Hai Sobat Reku. Terima kasih sudah menggunakan aplikasi dan layanan Reku. Kami senang mengetahui kamu memiliki pengalaman yang baik dalam menggunakan aplikasi Reku. Semoga hari kakak menyenangkan ya!ğŸ˜Š,2024-09-08 22:30:21,3.2.07
d3f7ec2f-4a79-4646-a1f8-f2f83fb7b88e,Chandra Lesmana,https://play-lh.googleusercontent.com/a-/ALV-UjWPdRk62ArGgLpiDRebrIP8xNrS6y4xZ-dP4oUl_6SUbotn_ks,good aplikasi crypto,5,0,3.2.07,2024-09-08 19:24:48,Hai Sobat Reku. Terima kasih sudah menggunakan aplikasi dan layanan Reku. Kami senang mengetahui kamu memiliki pengalaman yang baik dalam menggunakan aplikasi Reku. Semoga hari kakak menyenangkan ya!ğŸ˜Š,2024-09-08 19:54:29,3.2.07
e6e3ebbc-7ec9-41b8-ab6b-643386a81b85,Lexx Down,https://play-lh.googleusercontent.com/a/ACg8ocITb9kERDteRgHCQLTOQUfmGGwa_9Bg71anfpW2ayyS2Gtd0g=mo,"Apk ya bagus jual beli pun tanpa harus menunggu dlu,, tetap pertahan kan apk ya salam sukses âœ¨âœ¨",5,0,3.2.07,2024-09-07 20:38:03,Hai Sobat Reku. Terima kasih sudah menggunakan aplikasi dan layanan Reku. Kami senang mengetahui kamu memiliki pengalaman yang baik dalam menggunakan aplikasi Reku. Semoga hari kakak menyenangkan ya!ğŸ˜Š,2024-09-07 21:03:00,3.2.07
50225b6d-2496-4d94-a407-c4614916ba8b,ruslan ali,https://play-lh.googleusercontent.com/a/ACg8ocI2UDzbYxnaOCxL2ptbFvEk3YIOw6M39BbdPCqRoCKoNJTLFA=mo,ok,5,0,3.2.07,2024-09-05 19:34:05,Hai Sobat Reku. Terima kasih sudah menggunakan aplikasi dan layanan Reku. Kami senang mengetahui kamu memiliki pengalaman yang baik dalam menggunakan aplikasi Reku. Semoga hari kakak menyenangkan ya!ğŸ˜Š,2024-09-05 23:54:15,3.2.07
db41f99d-3c3e-4ef6-bb42-979d7fa00296,Kenzi Elkaiff,https://play-lh.googleusercontent.com/a/ACg8ocJGnJZiiF3RtDIL1dLESOOlkka8YXMO0G0mW-fRk5uZuAEfcg=mo,ok mantap,5,0,3.2.07,2024-09-05 10:01:38,Hai Sobat Reku. Terima kasih sudah menggunakan aplikasi dan layanan Reku. Kami senang mengetahui kamu memiliki pengalaman yang baik dalam menggunakan aplikasi Reku. Semoga hari kakak menyenangkan ya!ğŸ˜Š,2024-09-05 10:25:08,3.2.07
11edd57c-5734-4f96-acf2-2f289aff9e5c,baihaqi adnan,https://play-lh.googleusercontent.com/a/ACg8ocK6LYvX8-Skt0PU7p4-5f48Vl0w9IQCWdDFUPMRVv4-DGoSuw=mo,aplikasi yg bagus.transaksi cepat dan mudah,5,0,3.2.07,2024-09-04 17:23:58,Hai Sobat Reku. Terima kasih sudah menggunakan aplikasi dan layanan Reku. Kami senang mengetahui kamu memiliki pengalaman yang baik dalam menggunakan aplikasi Reku. Semoga hari kakak menyenangkan ya!ğŸ˜Š,2024-09-04 18:20:58,3.2.07
8b6dc190-aeff-4d2b-adb2-9fa01100d4e4,Khouf Feed,https://play-lh.googleusercontent.com/a/ACg8ocJbeZ3hAcgt47jOIfEwWqTLTvmQIiVHJTX1EosBZsCCMqkIMQ=mo,"bagus,simpel,,,,,cuman lemot di banding app lain sejenis ini.",4,0,3.2.07,2024-09-03 14:14:59,Hai Sobat Reku. Terima kasih sudah menggunakan aplikasi dan layanan Reku. Kami senang mengetahui kamu memiliki pengalaman yang baik dalam menggunakan aplikasi Reku. Semoga hari kakak menyenangkan ya!ğŸ˜Š,2024-09-03 15:28:15,3.2.07
e54ba50b-0036-48d1-9619-39ba61c6d965,Farhan Baihaqi,https://play-lh.googleusercontent.com/a/ACg8ocKmEFhodMcCuGsplmN_5NYtnIRnWECHDk6WVDkEc-ljjbu6tg=mo,"Aplikasinya Mantap, segala fiturnya gampang dipelajarin, biayanya kecil dan kerennya lagi beroperasi 24 jam. The best lah pokone",5,11,3.2.07,2024-09-03 01:16:24,Hai Sobat Reku. Terima kasih sudah menggunakan aplikasi dan layanan Reku. Kami senang mengetahui kamu memiliki pengalaman yang baik dalam menggunakan aplikasi Reku. Semoga hari kakak menyenangkan ya!ğŸ˜Š,2024-09-03 01:18:07,3.2.07
f19cab08-b9af-4b6d-8ce0-d43f26608641,Galuh Chandra,https://play-lh.googleusercontent.com/a-/ALV-UjWgMf3nCJvQILd3nhiLTrvFPIP-DuJjhq4B1yXnPwgwF4uN9n8,"Aplikasi yang bikin trading kripto jadi gampang banget. Tampilan yang user-friendly dan fitur keren bikin transaksi lancar. Keamanan terjamin dengan autentikasi dua faktor. Saran aja si buat listing aset yang bagus lagi dan tambahin jaringannya agar di dukung di suatu aset. Tapi overall, ini pilihan oke buat yang pengen trading kripto dengan aman dan gampang.",5,0,3.2.07,2024-09-02 17:18:40,Hai Sobat Reku. Terima kasih sudah menggunakan aplikasi dan layanan Reku. Kami senang mengetahui kamu memiliki pengalaman yang baik dalam menggunakan aplikasi Reku. Semoga hari kakak menyenangkan ya!ğŸ˜Š,2024-09-02 18:37:23,3.2.07
69ef5990-1a2b-4e0c-9a78-8f2701b2fc97,Nova Riama,https://play-lh.googleusercontent.com/a/ACg8ocKVYMj-9lCbMDJ4RhaOUt0WY8xc1INOhMVCDzUmIMQCr5I4Xg=mo,Aplikasi nya sangat mudah digunakan dan simple ğŸ‘,5,0,3.2.07,2024-09-02 17:08:24,Hai Sobat Reku. Terima kasih sudah menggunakan aplikasi dan layanan Reku. Kami senang mengetahui kamu memiliki pengalaman yang baik dalam menggunakan aplikasi Reku. Semoga hari kakak menyenangkan ya!ğŸ˜Š,2024-09-02 18:37:09,3.2.07
4f71627e-b26c-4f08-bf1f-23f6fa97a0c1,Heskia Raffa,https://play-lh.googleusercontent.com/a/ACg8ocIRJ81E25zZtqRxzrw7jbEWNMKQpyTz8Bfg_yA_3QgDBUpCGA=mo,"Makin hari makin bagus, dan isilah ni koe'de undanggg ğŸ™barokahğŸ™untuk mempermudah akun kalian bisa aktif, dan kalian sudah bisa puas mengakses keseluruhan di dalam aplikasi ini, jadi makin hari makin bagus untuk aplikassi ini,, dan sangat memuaskan sekali.. Jadi gak sia-sia aja saat menggunakan aplikasi iniğŸ‘",4,0,3.2.07,2024-09-02 14:24:24,"Hai Sobat Reku. Terima kasih sudah menggunakan aplikasi dan layanan Reku. Kami senang mengetahui kamu memiliki pengalaman yang baik dalam menggunakan aplikasi Reku. Semoga hari kakak menyenangkan ya!ğŸ˜Š
",2024-09-02 14:25:42,3.2.07
25e1ec10-4c6f-45bd-9a35-c449d87f83d7,Tuhyul Tahyul,https://play-lh.googleusercontent.com/a/ACg8ocLOjFE3Ov6c7hqPJo3NicMtaFr8lX2pUJlS-ngw1bfP83rPTw=mo,Penjualan aset sungguh sangat lama sudah dari sehari tapi aset yang saya jual tidak laku-laku,1,0,3.2.07,2024-09-01 18:44:25,"Hai Sobat Reku, mohon maaf atas ketidaknyamanannya ya. Untuk transaksi yang lebih cepat, bisa menggunakan Mode Lightning ya. Jika ada pertanyaan lain, bisa hubungi layanan LiveChat 24/7 http://reku.id/livechat kami ya, atau bisa ke email cs@reku.id agar bisa kita bantu informasikan. Terima kasih.",2024-09-01 19:15:44,3.2.07
